detection: Roblox window changed, resetting capture
detection: Roblox window not in foreground
detection: Roblox window not in foreground
detection: Roblox window not in foreground
detection: Roblox window not in foreground
detection: Roblox window not in foreground
detection: Roblox window not in foreground
detection: Roblox window not in foreground
DXScreenCapture::DXScreenCapture: DXScreenCapture initialized successfully
detection: Capturing ROI: x=850, y=458, w=220, h=220
detection: Capturing ROI: x=850, y=458, w=220, h=220
DXScreenCapture::capture: AcquireNextFrame failed, hr=-2005270489
detection: Capturing ROI: x=850, y=458, w=220, h=220
detection: Capturing ROI: x=850, y=458, w=220, h=220
detection: Capturing ROI: x=850, y=458, w=220, h=220
detection: Capturing ROI: x=850, y=458, w=220, h=220
detection: Capturing ROI: x=850, y=458, w=220, h=220
detection: Capturing ROI: x=850, y=458, w=220, h=220
detection: Capturing ROI: x=850, y=458, w=220, h=220
detection: Capturing ROI: x=850, y=458, w=220, h=220
detection: Capturing ROI: x=850, y=458, w=220, h=220
detection: Capturing ROI: x=850, y=458, w=220, h=220
detection: Capturing ROI: x=850, y=458, w=220, h=220
DXScreenCapture::capture: AcquireNextFrame failed, hr=-2005270489
detection: Capturing ROI: x=850, y=458, w=220, h=220
detection: Capturing ROI: x=850, y=458, w=220, h=220
DXScreenCapture::capture: AcquireNextFrame failed, hr=-2005270489
detection: Capturing ROI: x=850, y=458, w=220, h=220
detection: Capturing ROI: x=850, y=458, w=220, h=220
detection: Capturing ROI: x=850, y=458, w=220, h=220
detection: Capturing ROI: x=850, y=458, w=220, h=220
detection: Capturing ROI: x=850, y=458, w=220, h=220
detection: Capturing ROI: x=850, y=458, w=220, h=220
detection: Capturing ROI: x=850, y=458, w=220, h=220
detection: Capturing ROI: x=850, y=458, w=220, h=220
detection: Capturing ROI: x=850, y=458, w=220, h=220
detection: Capturing ROI: x=850, y=458, w=220, h=220
detection: Capturing ROI: x=850, y=458, w=220, h=220
DXScreenCapture::capture: AcquireNextFrame failed, hr=-2005270489
detection: Capturing ROI: x=850, y=458, w=220, h=220
detection: Capturing ROI: x=850, y=458, w=220, h=220
DXScreenCapture::capture: AcquireNextFrame failed, hr=-2005270489
detection: Capturing ROI: x=850, y=458, w=220, h=220
detection: Capturing ROI: x=850, y=458, w=220, h=220
DXScreenCapture::capture: AcquireNextFrame failed, hr=-2005270489
detection: Capturing ROI: x=850, y=458, w=220, h=220
detection: Capturing ROI: x=850, y=458, w=220, h=220
detection: Capturing ROI: x=850, y=458, w=220, h=220
detection: Capturing ROI: x=850, y=458, w=220, h=220
detection: Capturing ROI: x=850, y=458, w=220, h=220
detection: Capturing ROI: x=850, y=458, w=220, h=220
detection: Capturing ROI: x=850, y=458, w=220, h=220
detection: Capturing ROI: x=850, y=458, w=220, h=220
detection: Capturing ROI: x=850, y=458, w=220, h=220
detection: Capturing ROI: x=850, y=458, w=220, h=220
detection: Capturing ROI: x=850, y=458, w=220, h=220
detection: Capturing ROI: x=850, y=458, w=220, h=220
DXScreenCapture::capture: AcquireNextFrame failed, hr=-2005270489
detection: Capturing ROI: x=850, y=458, w=220, h=220
detection: Capturing ROI: x=850, y=458, w=220, h=220
DXScreenCapture::capture: AcquireNextFrame failed, hr=-2005270489
detection: Capturing ROI: x=850, y=458, w=220, h=220
detection: Capturing ROI: x=850, y=458, w=220, h=220
detection: Capturing ROI: x=850, y=458, w=220, h=220
detection: Capturing ROI: x=850, y=458, w=220, h=220
detection: Capturing ROI: x=850, y=458, w=220, h=220
detection: Capturing ROI: x=850, y=458, w=220, h=220
detection: Capturing ROI: x=850, y=458, w=220, h=220
detection: Capturing ROI: x=850, y=458, w=220, h=220
detection: Capturing ROI: x=850, y=458, w=220, h=220
detection: Capturing ROI: x=850, y=458, w=220, h=220
detection: Capturing ROI: x=850, y=458, w=220, h=220
DXScreenCapture::capture: AcquireNextFrame failed, hr=-2005270489
detection: Capturing ROI: x=850, y=458, w=220, h=220
detection: Capturing ROI: x=850, y=458, w=220, h=220
DXScreenCapture::capture: AcquireNextFrame failed, hr=-2005270489
detection: Capturing ROI: x=850, y=458, w=220, h=220
detection: Capturing ROI: x=850, y=458, w=220, h=220
DXScreenCapture::capture: AcquireNextFrame failed, hr=-2005270489
detection: Capturing ROI: x=850, y=458, w=220, h=220
detection: Capturing ROI: x=850, y=458, w=220, h=220
detection: Capturing ROI: x=1014, y=468, w=49, h=48
detection: Capturing ROI: x=1004, y=460, w=220, h=66
detection: Capturing ROI: x=1014, y=468, w=49, h=48
detection: Capturing ROI: x=1004, y=460, w=220, h=64
detection: Capturing ROI: x=1014, y=468, w=49, h=48
detection: Capturing ROI: x=1004, y=460, w=220, h=64
detection: Capturing ROI: x=1014, y=468, w=49, h=48
DXScreenCapture::capture: AcquireNextFrame failed, hr=-2005270489
detection: Capturing ROI: x=1024, y=476, w=49, h=48
detection: Capturing ROI: x=1014, y=466, w=220, h=66
DXScreenCapture::capture: AcquireNextFrame failed, hr=-2005270489
detection: Capturing ROI: x=1004, y=458, w=220, h=66
detection: Capturing ROI: x=1014, y=468, w=49, h=48
detection: Capturing ROI: x=1004, y=460, w=220, h=66
detection: Capturing ROI: x=1014, y=468, w=49, h=48
detection: Capturing ROI: x=1004, y=460, w=220, h=64
detection: Capturing ROI: x=1014, y=468, w=49, h=48
detection: Capturing ROI: x=1004, y=460, w=220, h=64
detection: Capturing ROI: x=1015, y=468, w=48, h=48
detection: Performing mouse click
detection: Capturing ROI: x=1005, y=460, w=220, h=64
detection: Capturing ROI: x=1014, y=468, w=49, h=48
detection: Capturing ROI: x=1004, y=460, w=220, h=64
DXScreenCapture::capture: AcquireNextFrame failed, hr=-2005270489
detection: Capturing ROI: x=994, y=458, w=220, h=64
detection: Capturing ROI: x=850, y=458, w=220, h=220
detection: Capturing ROI: x=850, y=458, w=220, h=220
detection: Capturing ROI: x=850, y=458, w=220, h=220
detection: Capturing ROI: x=850, y=458, w=220, h=220
detection: Capturing ROI: x=850, y=458, w=220, h=220
detection: Capturing ROI: x=850, y=458, w=220, h=220
detection: Capturing ROI: x=850, y=458, w=220, h=220
detection: Capturing ROI: x=850, y=458, w=220, h=220
detection: Capturing ROI: x=850, y=458, w=220, h=220
detection: Capturing ROI: x=850, y=458, w=220, h=220
detection: Capturing ROI: x=850, y=458, w=220, h=220
detection: Capturing ROI: x=850, y=458, w=220, h=220
DXScreenCapture::capture: AcquireNextFrame failed, hr=-2005270489
detection: Capturing ROI: x=850, y=458, w=220, h=220
detection: Capturing ROI: x=850, y=458, w=220, h=220
DXScreenCapture::capture: AcquireNextFrame failed, hr=-2005270489
detection: Capturing ROI: x=850, y=458, w=220, h=220
detection: Capturing ROI: x=850, y=458, w=220, h=220
DXScreenCapture::capture: AcquireNextFrame failed, hr=-2005270489
detection: Capturing ROI: x=850, y=458, w=220, h=220
detection: Capturing ROI: x=850, y=458, w=220, h=220
detection: Capturing ROI: x=850, y=458, w=220, h=220
detection: Capturing ROI: x=850, y=458, w=220, h=220
detection: Capturing ROI: x=850, y=458, w=220, h=220
detection: Capturing ROI: x=850, y=458, w=220, h=220
detection: Capturing ROI: x=850, y=458, w=220, h=220
detection: Capturing ROI: x=850, y=458, w=220, h=220
detection: Capturing ROI: x=850, y=458, w=220, h=220
detection: Capturing ROI: x=850, y=458, w=220, h=220
detection: Capturing ROI: x=850, y=458, w=220, h=220
DXScreenCapture::capture: AcquireNextFrame failed, hr=-2005270489
detection: Capturing ROI: x=850, y=458, w=220, h=220
detection: Capturing ROI: x=850, y=458, w=220, h=220
detection: Capturing ROI: x=850, y=458, w=220, h=220
DXScreenCapture::capture: AcquireNextFrame failed, hr=-2005270489
detection: Capturing ROI: x=850, y=458, w=220, h=220
detection: Capturing ROI: x=850, y=458, w=220, h=220
detection: Capturing ROI: x=850, y=458, w=220, h=220
detection: Capturing ROI: x=850, y=458, w=220, h=220
detection: Capturing ROI: x=850, y=458, w=220, h=220
detection: Capturing ROI: x=850, y=458, w=220, h=220
detection: Capturing ROI: x=850, y=458, w=220, h=220
detection: Capturing ROI: x=850, y=458, w=220, h=220
detection: Capturing ROI: x=850, y=458, w=220, h=220
detection: Capturing ROI: x=850, y=458, w=220, h=220
DXScreenCapture::capture: AcquireNextFrame failed, hr=-2005270489
detection: Capturing ROI: x=850, y=458, w=220, h=220
detection: Capturing ROI: x=850, y=458, w=220, h=220
DXScreenCapture::capture: AcquireNextFrame failed, hr=-2005270489
detection: Capturing ROI: x=850, y=458, w=220, h=220
detection: Capturing ROI: x=850, y=458, w=220, h=220
DXScreenCapture::capture: AcquireNextFrame failed, hr=-2005270489
detection: Capturing ROI: x=850, y=458, w=220, h=220
detection: Capturing ROI: x=850, y=458, w=220, h=220
detection: Capturing ROI: x=850, y=458, w=220, h=220
detection: Capturing ROI: x=850, y=458, w=220, h=220
detection: Capturing ROI: x=850, y=458, w=220, h=220
detection: Capturing ROI: x=850, y=458, w=220, h=220
detection: Capturing ROI: x=850, y=458, w=220, h=220
detection: Capturing ROI: x=850, y=458, w=220, h=220
detection: Capturing ROI: x=850, y=458, w=220, h=220
DXScreenCapture::capture: AcquireNextFrame failed, hr=-2005270489
detection: Capturing ROI: x=850, y=458, w=220, h=220
detection: Capturing ROI: x=850, y=458, w=220, h=220
detection: Capturing ROI: x=850, y=458, w=220, h=220
detection: Capturing ROI: x=850, y=458, w=220, h=220
detection: Capturing ROI: x=850, y=458, w=220, h=220
DXScreenCapture::capture: AcquireNextFrame failed, hr=-2005270489
detection: Capturing ROI: x=850, y=458, w=220, h=220
detection: Capturing ROI: x=850, y=458, w=220, h=220
detection: Capturing ROI: x=850, y=458, w=220, h=220
detection: Capturing ROI: x=850, y=458, w=220, h=220
detection: Capturing ROI: x=850, y=458, w=220, h=220
detection: Capturing ROI: x=850, y=458, w=220, h=220
detection: Capturing ROI: x=850, y=458, w=220, h=220
detection: Capturing ROI: x=850, y=458, w=220, h=220
detection: Capturing ROI: x=850, y=458, w=220, h=220
DXScreenCapture::capture: AcquireNextFrame failed, hr=-2005270489
detection: Capturing ROI: x=850, y=458, w=220, h=220
detection: Capturing ROI: x=850, y=458, w=220, h=220
DXScreenCapture::capture: AcquireNextFrame failed, hr=-2005270489
detection: Capturing ROI: x=850, y=458, w=220, h=220
detection: Capturing ROI: x=850, y=458, w=220, h=220
detection: Capturing ROI: x=850, y=458, w=220, h=220
detection: Capturing ROI: x=850, y=458, w=220, h=220
detection: Capturing ROI: x=850, y=458, w=220, h=220
detection: Capturing ROI: x=850, y=458, w=220, h=220
detection: Capturing ROI: x=850, y=458, w=220, h=220
detection: Capturing ROI: x=850, y=458, w=220, h=220
detection: Capturing ROI: x=850, y=458, w=220, h=220
detection: Capturing ROI: x=850, y=458, w=220, h=220
detection: Capturing ROI: x=850, y=458, w=220, h=220
DXScreenCapture::capture: AcquireNextFrame failed, hr=-2005270489
detection: Capturing ROI: x=850, y=458, w=220, h=220
detection: Capturing ROI: x=850, y=458, w=220, h=220
DXScreenCapture::capture: AcquireNextFrame failed, hr=-2005270489
detection: Capturing ROI: x=850, y=458, w=220, h=220
detection: Capturing ROI: x=850, y=458, w=220, h=220
DXScreenCapture::capture: AcquireNextFrame failed, hr=-2005270489
detection: Capturing ROI: x=850, y=458, w=220, h=220
detection: Capturing ROI: x=850, y=458, w=220, h=220
detection: Capturing ROI: x=850, y=458, w=220, h=220
detection: Capturing ROI: x=850, y=458, w=220, h=220
detection: Capturing ROI: x=850, y=458, w=220, h=220
detection: Capturing ROI: x=850, y=458, w=220, h=220
detection: Capturing ROI: x=850, y=458, w=220, h=220
detection: Capturing ROI: x=850, y=458, w=220, h=220
detection: Capturing ROI: x=850, y=458, w=220, h=220
detection: Capturing ROI: x=850, y=458, w=220, h=220
detection: Capturing ROI: x=850, y=458, w=220, h=220
detection: Capturing ROI: x=850, y=458, w=220, h=220
DXScreenCapture::capture: AcquireNextFrame failed, hr=-2005270489
detection: Capturing ROI: x=850, y=458, w=220, h=220
detection: Capturing ROI: x=850, y=458, w=220, h=220
DXScreenCapture::capture: AcquireNextFrame failed, hr=-2005270489
detection: Capturing ROI: x=850, y=458, w=220, h=220
detection: Capturing ROI: x=850, y=458, w=220, h=220
detection: Capturing ROI: x=850, y=458, w=220, h=220
detection: Capturing ROI: x=850, y=458, w=220, h=220
detection: Capturing ROI: x=850, y=458, w=220, h=220
detection: Capturing ROI: x=850, y=458, w=220, h=220
detection: Capturing ROI: x=850, y=458, w=220, h=220
detection: Capturing ROI: x=850, y=458, w=220, h=220
detection: Capturing ROI: x=850, y=458, w=220, h=220
detection: Capturing ROI: x=1024, y=482, w=50, h=46
detection: Capturing ROI: x=1014, y=474, w=220, h=78
detection: Capturing ROI: x=1024, y=482, w=50, h=46
detection: Capturing ROI: x=1014, y=474, w=220, h=62
DXScreenCapture::capture: AcquireNextFrame failed, hr=-2005270489
detection: Capturing ROI: x=1004, y=466, w=220, h=62
detection: Capturing ROI: x=1024, y=482, w=50, h=46
detection: Capturing ROI: x=1014, y=474, w=220, h=70
detection: Capturing ROI: x=1024, y=482, w=50, h=46
detection: Capturing ROI: x=1014, y=474, w=220, h=62
detection: Capturing ROI: x=1024, y=482, w=50, h=46
DXScreenCapture::capture: AcquireNextFrame failed, hr=-2005270489
detection: Capturing ROI: x=1034, y=490, w=50, h=46
detection: Capturing ROI: x=1024, y=480, w=220, h=64
detection: Capturing ROI: x=1024, y=482, w=50, h=46
detection: Capturing ROI: x=1014, y=474, w=220, h=56
detection: Capturing ROI: x=1024, y=482, w=50, h=46
detection: Capturing ROI: x=1014, y=474, w=220, h=62
detection: Capturing ROI: x=1024, y=482, w=50, h=46
detection: Capturing ROI: x=1014, y=474, w=220, h=62
DXScreenCapture::capture: AcquireNextFrame failed, hr=-2005270489
detection: Capturing ROI: x=1004, y=466, w=220, h=62
detection: Capturing ROI: x=1024, y=482, w=50, h=46
DXScreenCapture::capture: AcquireNextFrame failed, hr=-2005270489
detection: Capturing ROI: x=1044, y=498, w=50, h=46
detection: Capturing ROI: x=1034, y=488, w=220, h=72
detection: Performing mouse click
detection: Capturing ROI: x=1026, y=484, w=48, h=44
detection: Capturing ROI: x=1016, y=475, w=220, h=49
detection: Capturing ROI: x=1024, y=482, w=50, h=46
detection: Capturing ROI: x=1032, y=489, w=50, h=46
detection: Capturing ROI: x=1040, y=496, w=50, h=46
detection: Capturing ROI: x=1048, y=503, w=50, h=46
detection: Capturing ROI: x=1056, y=510, w=50, h=46
detection: Capturing ROI: x=1064, y=517, w=50, h=46
detection: Capturing ROI: x=1072, y=524, w=50, h=46
DXScreenCapture::capture: AcquireNextFrame failed, hr=-2005270489
detection: Capturing ROI: x=1080, y=531, w=50, h=46
detection: Capturing ROI: x=1088, y=538, w=50, h=46
detection: Capturing ROI: x=1096, y=545, w=50, h=46
detection: Capturing ROI: x=1104, y=552, w=50, h=46
DXScreenCapture::capture: AcquireNextFrame failed, hr=-2005270489
detection: Capturing ROI: x=1112, y=559, w=50, h=46
detection: Capturing ROI: x=1120, y=566, w=50, h=46
detection: Capturing ROI: x=1128, y=573, w=50, h=46
detection: Capturing ROI: x=1136, y=580, w=50, h=46
detection: Capturing ROI: x=1144, y=587, w=50, h=46
detection: Capturing ROI: x=1152, y=594, w=50, h=46
detection: Capturing ROI: x=1160, y=601, w=50, h=46
detection: Capturing ROI: x=1168, y=608, w=50, h=46
detection: Capturing ROI: x=1176, y=615, w=50, h=46
detection: Capturing ROI: x=1184, y=622, w=50, h=46
DXScreenCapture::capture: AcquireNextFrame failed, hr=-2005270489
detection: Capturing ROI: x=1192, y=629, w=50, h=46
detection: Capturing ROI: x=1200, y=636, w=50, h=46
DXScreenCapture::capture: AcquireNextFrame failed, hr=-2005270489
detection: Capturing ROI: x=1208, y=643, w=50, h=46
detection: Capturing ROI: x=1216, y=650, w=50, h=46
detection: Capturing ROI: x=1224, y=657, w=50, h=46
detection: Capturing ROI: x=1232, y=664, w=50, h=46
detection: Capturing ROI: x=1240, y=671, w=50, h=46
detection: Capturing ROI: x=1248, y=678, w=50, h=46
detection: Capturing ROI: x=1256, y=685, w=50, h=46
detection: Capturing ROI: x=1264, y=692, w=50, h=46
detection: Capturing ROI: x=1272, y=699, w=50, h=46
detection: Capturing ROI: x=1280, y=706, w=50, h=46
detection: Capturing ROI: x=1288, y=713, w=50, h=46
detection: Capturing ROI: x=1296, y=720, w=50, h=46
detection: Capturing ROI: x=1304, y=727, w=50, h=46
DXScreenCapture::capture: AcquireNextFrame failed, hr=-2005270489
detection: Capturing ROI: x=1312, y=734, w=50, h=46
detection: Capturing ROI: x=1320, y=741, w=50, h=46
DXScreenCapture::capture: AcquireNextFrame failed, hr=-2005270489
detection: Capturing ROI: x=1328, y=748, w=50, h=46
detection: Capturing ROI: x=1336, y=755, w=50, h=46
DXScreenCapture::capture: AcquireNextFrame failed, hr=-2005270489
detection: Capturing ROI: x=1344, y=762, w=50, h=46
detection: Capturing ROI: x=1352, y=769, w=50, h=46
detection: Capturing ROI: x=1360, y=776, w=50, h=46
detection: Capturing ROI: x=1368, y=783, w=50, h=46
detection: Capturing ROI: x=1376, y=790, w=50, h=46
detection: Capturing ROI: x=1384, y=797, w=50, h=46
detection: Capturing ROI: x=1392, y=804, w=50, h=46
detection: Capturing ROI: x=1400, y=811, w=50, h=46
DXScreenCapture::capture: AcquireNextFrame failed, hr=-2005270489
detection: Capturing ROI: x=1408, y=818, w=50, h=46
detection: Capturing ROI: x=1416, y=825, w=50, h=46
detection: Capturing ROI: x=1424, y=832, w=50, h=46
detection: Capturing ROI: x=1432, y=839, w=50, h=46
detection: Capturing ROI: x=1440, y=846, w=50, h=46
detection: Capturing ROI: x=1448, y=853, w=50, h=46
detection: Capturing ROI: x=1456, y=860, w=50, h=46
detection: Capturing ROI: x=1464, y=867, w=50, h=46
detection: Capturing ROI: x=1472, y=874, w=50, h=46
detection: Capturing ROI: x=1480, y=881, w=50, h=46
detection: Capturing ROI: x=1488, y=888, w=50, h=46
detection: Capturing ROI: x=1496, y=895, w=50, h=46
detection: Capturing ROI: x=1504, y=902, w=50, h=46
detection: Capturing ROI: x=1512, y=909, w=50, h=46
DXScreenCapture::capture: AcquireNextFrame failed, hr=-2005270489
detection: Capturing ROI: x=1520, y=916, w=50, h=46
detection: Capturing ROI: x=1528, y=923, w=50, h=46
DXScreenCapture::capture: AcquireNextFrame failed, hr=-2005270489
detection: Capturing ROI: x=1536, y=930, w=50, h=46
detection: Capturing ROI: x=1544, y=937, w=50, h=46
DXScreenCapture::capture: AcquireNextFrame failed, hr=-2005270489
detection: Capturing ROI: x=1552, y=944, w=50, h=46
detection: Capturing ROI: x=1560, y=951, w=50, h=46
detection: Capturing ROI: x=1568, y=958, w=50, h=46
detection: Capturing ROI: x=1576, y=965, w=50, h=46
detection: Capturing ROI: x=1584, y=972, w=50, h=46
detection: Capturing ROI: x=1592, y=979, w=50, h=46
detection: Capturing ROI: x=1600, y=986, w=50, h=46
detection: Capturing ROI: x=1608, y=993, w=50, h=46
detection: Capturing ROI: x=1616, y=1000, w=50, h=46
detection: Capturing ROI: x=1624, y=1007, w=50, h=46
detection: Capturing ROI: x=1632, y=1014, w=50, h=46
detection: Capturing ROI: x=1640, y=1021, w=50, h=46
DXScreenCapture::capture: AcquireNextFrame failed, hr=-2005270489
detection: Capturing ROI: x=1648, y=1028, w=50, h=46
detection: Capturing ROI: x=1656, y=1035, w=50, h=46
DXScreenCapture::capture: AcquireNextFrame failed, hr=-2005270489
detection: Capturing ROI: x=1664, y=1042, w=50, h=46
detection: Capturing ROI: x=1672, y=1049, w=50, h=46
detection: Capturing ROI: x=1680, y=1056, w=50, h=46
detection: Capturing ROI: x=1688, y=1063, w=50, h=46
detection: Capturing ROI: x=1696, y=1070, w=50, h=46
detection: Capturing ROI: x=1704, y=1077, w=50, h=46
detection: Capturing ROI: x=1712, y=1084, w=50, h=46
detection: Capturing ROI: x=1720, y=1091, w=50, h=46
detection: Capturing ROI: x=1728, y=1098, w=50, h=46
detection: Capturing ROI: x=1736, y=1105, w=50, h=46
detection: Capturing ROI: x=1744, y=1112, w=50, h=46
detection: Capturing ROI: x=1752, y=1119, w=50, h=46
detection: Capturing ROI: x=1760, y=1126, w=50, h=46
DXScreenCapture::capture: AcquireNextFrame failed, hr=-2005270489
detection: Capturing ROI: x=1768, y=1133, w=50, h=46
detection: Capturing ROI: x=1776, y=1140, w=50, h=46
detection: Capturing ROI: x=1784, y=1147, w=50, h=46
DXScreenCapture::capture: AcquireNextFrame failed, hr=-2005270489
detection: Capturing ROI: x=1792, y=1154, w=50, h=46
detection: Capturing ROI: x=1800, y=1161, w=50, h=46
detection: Capturing ROI: x=1808, y=1168, w=50, h=46
detection: Capturing ROI: x=1816, y=1175, w=50, h=46
detection: Capturing ROI: x=1824, y=1182, w=50, h=46
detection: Capturing ROI: x=1832, y=1189, w=50, h=46
detection: Capturing ROI: x=1840, y=1196, w=50, h=46
detection: Capturing ROI: x=1848, y=1203, w=50, h=46
detection: Capturing ROI: x=1856, y=1210, w=50, h=46
DXScreenCapture::capture: AcquireNextFrame failed, hr=-2005270489
detection: Capturing ROI: x=1864, y=1217, w=50, h=46
detection: Capturing ROI: x=1872, y=1224, w=50, h=46
detection: Capturing ROI: x=1880, y=1231, w=50, h=46
DXScreenCapture::capture: AcquireNextFrame failed, hr=-2005270489
detection: Capturing ROI: x=1888, y=1238, w=50, h=46
detection: Capturing ROI: x=1896, y=1245, w=50, h=46
DXScreenCapture::capture: AcquireNextFrame failed, hr=-2005270489
detection: Capturing ROI: x=1904, y=1252, w=50, h=46
detection: Capturing ROI: x=1912, y=1259, w=50, h=46
detection: Capturing ROI: x=1920, y=1266, w=50, h=46
detection: Capturing ROI: x=1928, y=1273, w=50, h=46
detection: Capturing ROI: x=1936, y=1280, w=50, h=46
detection: Capturing ROI: x=1944, y=1287, w=50, h=46
detection: Capturing ROI: x=1952, y=1294, w=50, h=46
detection: Capturing ROI: x=1960, y=1301, w=50, h=46
detection: Capturing ROI: x=1968, y=1308, w=50, h=46
detection: Capturing ROI: x=1976, y=1315, w=50, h=46
detection: Capturing ROI: x=1984, y=1322, w=50, h=46
DXScreenCapture::capture: AcquireNextFrame failed, hr=-2005270489
detection: Capturing ROI: x=1992, y=1329, w=50, h=46
detection: Capturing ROI: x=2000, y=1336, w=50, h=46
DXScreenCapture::capture: AcquireNextFrame failed, hr=-2005270489
detection: Capturing ROI: x=2008, y=1343, w=50, h=46
detection: Capturing ROI: x=2016, y=1350, w=50, h=46
detection: Capturing ROI: x=2024, y=1357, w=50, h=46
detection: Capturing ROI: x=2032, y=1364, w=50, h=46
detection: Capturing ROI: x=2040, y=1371, w=50, h=46
detection: Capturing ROI: x=2048, y=1378, w=50, h=46
detection: Capturing ROI: x=2056, y=1385, w=50, h=46
DXScreenCapture::capture: AcquireNextFrame failed, hr=-2005270489
detection: Capturing ROI: x=2064, y=1392, w=50, h=46
detection: Capturing ROI: x=2072, y=1399, w=50, h=46
detection: Capturing ROI: x=2080, y=1406, w=50, h=46
detection: Capturing ROI: x=2088, y=1413, w=50, h=46
DXScreenCapture::capture: AcquireNextFrame failed, hr=-2005270489
detection: Capturing ROI: x=2096, y=1420, w=50, h=46
detection: Capturing ROI: x=2104, y=1427, w=50, h=46
DXScreenCapture::capture: AcquireNextFrame failed, hr=-2005270489
detection: Capturing ROI: x=2112, y=1434, w=50, h=46
detection: Capturing ROI: x=2120, y=1441, w=50, h=46
DXScreenCapture::capture: AcquireNextFrame failed, hr=-2005270489
detection: Capturing ROI: x=2128, y=1448, w=50, h=46
detection: Capturing ROI: x=2136, y=1455, w=50, h=46
DXScreenCapture::capture: AcquireNextFrame failed, hr=-2005270489
detection: Capturing ROI: x=2144, y=1462, w=50, h=46
detection: Capturing ROI: x=2152, y=1469, w=50, h=46
detection: Capturing ROI: x=2160, y=1476, w=50, h=46
detection: Capturing ROI: x=2168, y=1483, w=50, h=46
detection: Capturing ROI: x=2176, y=1490, w=50, h=46
detection: Capturing ROI: x=2184, y=1497, w=50, h=46
detection: Capturing ROI: x=2192, y=1504, w=50, h=46
detection: Capturing ROI: x=2200, y=1511, w=50, h=46
detection: Capturing ROI: x=2208, y=1518, w=50, h=46
DXScreenCapture::capture: AcquireNextFrame failed, hr=-2005270489
detection: Capturing ROI: x=2216, y=1525, w=50, h=46
detection: Capturing ROI: x=2224, y=1532, w=50, h=46
DXScreenCapture::capture: AcquireNextFrame failed, hr=-2005270489
detection: Capturing ROI: x=2232, y=1539, w=50, h=46
detection: Capturing ROI: x=2240, y=1546, w=50, h=46
detection: Capturing ROI: x=2248, y=1553, w=50, h=46
detection: Capturing ROI: x=2256, y=1560, w=50, h=46
detection: Capturing ROI: x=2264, y=1567, w=50, h=46
detection: Capturing ROI: x=2272, y=1574, w=50, h=46
detection: Capturing ROI: x=2280, y=1581, w=50, h=46
detection: Capturing ROI: x=2288, y=1588, w=50, h=46
detection: Capturing ROI: x=2296, y=1595, w=50, h=46
detection: Capturing ROI: x=2304, y=1602, w=50, h=46
detection: Capturing ROI: x=2312, y=1609, w=50, h=46
DXScreenCapture::capture: AcquireNextFrame failed, hr=-2005270489
detection: Capturing ROI: x=2320, y=1616, w=50, h=46
detection: Capturing ROI: x=2328, y=1623, w=50, h=46
DXScreenCapture::capture: AcquireNextFrame failed, hr=-2005270489
detection: Capturing ROI: x=2336, y=1630, w=50, h=46
detection: Capturing ROI: x=2344, y=1637, w=50, h=46
DXScreenCapture::capture: AcquireNextFrame failed, hr=-2005270489
detection: Capturing ROI: x=2352, y=1644, w=50, h=46
detection: Capturing ROI: x=2360, y=1651, w=50, h=46
detection: Capturing ROI: x=2368, y=1658, w=50, h=46
detection: Capturing ROI: x=2376, y=1665, w=50, h=46
detection: Capturing ROI: x=2384, y=1672, w=50, h=46
detection: Capturing ROI: x=2392, y=1679, w=50, h=46
detection: Capturing ROI: x=2400, y=1686, w=50, h=46
detection: Capturing ROI: x=2408, y=1693, w=50, h=46
detection: Capturing ROI: x=2416, y=1700, w=50, h=46
detection: Capturing ROI: x=2424, y=1707, w=50, h=46
detection: Capturing ROI: x=2432, y=1714, w=50, h=46
DXScreenCapture::capture: AcquireNextFrame failed, hr=-2005270489
detection: Capturing ROI: x=2440, y=1721, w=50, h=46
detection: Capturing ROI: x=2448, y=1728, w=50, h=46
DXScreenCapture::capture: AcquireNextFrame failed, hr=-2005270489
detection: Capturing ROI: x=2456, y=1735, w=50, h=46
detection: Capturing ROI: x=2464, y=1742, w=50, h=46
detection: Capturing ROI: x=2472, y=1749, w=50, h=46
detection: Capturing ROI: x=2480, y=1756, w=50, h=46
detection: Capturing ROI: x=2488, y=1763, w=50, h=46
detection: Capturing ROI: x=2496, y=1770, w=50, h=46
detection: Capturing ROI: x=2504, y=1777, w=50, h=46
detection: Capturing ROI: x=2512, y=1784, w=50, h=46
detection: Capturing ROI: x=2520, y=1791, w=50, h=46
detection: Capturing ROI: x=2528, y=1798, w=50, h=46
detection: Capturing ROI: x=2536, y=1805, w=50, h=46
DXScreenCapture::capture: AcquireNextFrame failed, hr=-2005270489
detection: Capturing ROI: x=2544, y=1812, w=50, h=46
detection: Capturing ROI: x=2552, y=1819, w=50, h=46
DXScreenCapture::capture: AcquireNextFrame failed, hr=-2005270489
detection: Capturing ROI: x=2560, y=1826, w=50, h=46
detection: Capturing ROI: x=2568, y=1833, w=50, h=46
DXScreenCapture::capture: AcquireNextFrame failed, hr=-2005270489
detection: Capturing ROI: x=2576, y=1840, w=50, h=46
detection: Capturing ROI: x=2584, y=1847, w=50, h=46
detection: Capturing ROI: x=2592, y=1854, w=50, h=46
detection: Capturing ROI: x=2600, y=1861, w=50, h=46
detection: Capturing ROI: x=2608, y=1868, w=50, h=46
detection: Capturing ROI: x=2616, y=1875, w=50, h=46
detection: Capturing ROI: x=2624, y=1882, w=50, h=46
detection: Capturing ROI: x=2632, y=1889, w=50, h=46
detection: Capturing ROI: x=2640, y=1896, w=50, h=46
DXScreenCapture::capture: AcquireNextFrame failed, hr=-2005270489
detection: Capturing ROI: x=2648, y=1903, w=50, h=46
detection: Capturing ROI: x=2656, y=1910, w=50, h=46
DXScreenCapture::capture: AcquireNextFrame failed, hr=-2005270489
detection: Capturing ROI: x=2664, y=1917, w=50, h=46
detection: Capturing ROI: x=2672, y=1924, w=50, h=46
detection: Capturing ROI: x=2680, y=1931, w=50, h=46
DXScreenCapture::capture: AcquireNextFrame failed, hr=-2005270489
detection: Capturing ROI: x=2688, y=1938, w=50, h=46
detection: Capturing ROI: x=2696, y=1945, w=50, h=46
detection: Capturing ROI: x=2704, y=1952, w=50, h=46
detection: Capturing ROI: x=2712, y=1959, w=50, h=46
detection: Capturing ROI: x=2720, y=1966, w=50, h=46
detection: Capturing ROI: x=2728, y=1973, w=50, h=46
detection: Capturing ROI: x=2736, y=1980, w=50, h=46
detection: Capturing ROI: x=2744, y=1987, w=50, h=46
detection: Capturing ROI: x=2752, y=1994, w=50, h=46
DXScreenCapture::capture: AcquireNextFrame failed, hr=-2005270489
detection: Capturing ROI: x=2760, y=2001, w=50, h=46
detection: Capturing ROI: x=2768, y=2008, w=50, h=46
DXScreenCapture::capture: AcquireNextFrame failed, hr=-2005270489
detection: Capturing ROI: x=2776, y=2015, w=50, h=46
detection: Capturing ROI: x=2784, y=2022, w=50, h=46
DXScreenCapture::capture: AcquireNextFrame failed, hr=-2005270489
detection: Capturing ROI: x=2792, y=2029, w=50, h=46
detection: Capturing ROI: x=2800, y=2036, w=50, h=46
DXScreenCapture::capture: AcquireNextFrame failed, hr=-2005270489
detection: Capturing ROI: x=2808, y=2043, w=50, h=46
detection: Capturing ROI: x=2816, y=2050, w=50, h=46
detection: Capturing ROI: x=2824, y=2057, w=50, h=46
detection: Capturing ROI: x=2832, y=2064, w=50, h=46
detection: Capturing ROI: x=2840, y=2071, w=50, h=46
detection: Capturing ROI: x=2848, y=2078, w=50, h=46
detection: Capturing ROI: x=2856, y=2085, w=50, h=46
detection: Capturing ROI: x=2864, y=2092, w=50, h=46
detection: Capturing ROI: x=2872, y=2099, w=50, h=46
DXScreenCapture::capture: AcquireNextFrame failed, hr=-2005270489
detection: Capturing ROI: x=2880, y=2106, w=50, h=46
detection: Capturing ROI: x=2888, y=2113, w=50, h=46
DXScreenCapture::capture: AcquireNextFrame failed, hr=-2005270489
detection: Capturing ROI: x=2896, y=2120, w=50, h=46
detection: Capturing ROI: x=2904, y=2127, w=50, h=46
DXScreenCapture::capture: AcquireNextFrame failed, hr=-2005270489
detection: Capturing ROI: x=2912, y=2134, w=50, h=46
detection: Capturing ROI: x=2920, y=2141, w=50, h=46
detection: Capturing ROI: x=2928, y=2148, w=50, h=46
detection: Capturing ROI: x=2936, y=2155, w=50, h=46
detection: Capturing ROI: x=2944, y=2162, w=50, h=46
detection: Capturing ROI: x=2952, y=2169, w=50, h=46
detection: Capturing ROI: x=2960, y=2176, w=50, h=46
detection: Capturing ROI: x=2968, y=2183, w=50, h=46
detection: Capturing ROI: x=2976, y=2190, w=50, h=46
detection: Capturing ROI: x=2984, y=2197, w=50, h=46
DXScreenCapture::capture: AcquireNextFrame failed, hr=-2005270489
detection: Capturing ROI: x=2992, y=2204, w=50, h=46
detection: Capturing ROI: x=3000, y=2211, w=50, h=46
detection: Capturing ROI: x=3008, y=2218, w=50, h=46
detection: Capturing ROI: x=3016, y=2225, w=50, h=46
detection: Capturing ROI: x=3024, y=2232, w=50, h=46
detection: Capturing ROI: x=3032, y=2239, w=50, h=46
detection: Capturing ROI: x=3040, y=2246, w=50, h=46
detection: Capturing ROI: x=3048, y=2253, w=50, h=46
detection: Capturing ROI: x=3056, y=2260, w=50, h=46
detection: Capturing ROI: x=3064, y=2267, w=50, h=46
detection: Capturing ROI: x=3072, y=2274, w=50, h=46
detection: Capturing ROI: x=3080, y=2281, w=50, h=46
detection: Capturing ROI: x=3088, y=2288, w=50, h=46
DXScreenCapture::capture: AcquireNextFrame failed, hr=-2005270489
detection: Capturing ROI: x=3096, y=2295, w=50, h=46
detection: Capturing ROI: x=3104, y=2302, w=50, h=46
DXScreenCapture::capture: AcquireNextFrame failed, hr=-2005270489
detection: Capturing ROI: x=3112, y=2309, w=50, h=46
detection: Capturing ROI: x=3120, y=2316, w=50, h=46
detection: Capturing ROI: x=3128, y=2323, w=50, h=46
detection: Capturing ROI: x=3136, y=2330, w=50, h=46
detection: Capturing ROI: x=3144, y=2337, w=50, h=46
detection: Capturing ROI: x=3152, y=2344, w=50, h=46
detection: Capturing ROI: x=3160, y=2351, w=50, h=46
detection: Capturing ROI: x=3168, y=2358, w=50, h=46
detection: Capturing ROI: x=3176, y=2365, w=50, h=46
detection: Capturing ROI: x=3184, y=2372, w=50, h=46
detection: Capturing ROI: x=3192, y=2379, w=50, h=46
detection: Capturing ROI: x=3200, y=2386, w=50, h=46
detection: Capturing ROI: x=3208, y=2393, w=50, h=46
DXScreenCapture::capture: AcquireNextFrame failed, hr=-2005270489
detection: Capturing ROI: x=3216, y=2400, w=50, h=46
detection: Capturing ROI: x=3224, y=2407, w=50, h=46
DXScreenCapture::capture: AcquireNextFrame failed, hr=-2005270489
detection: Capturing ROI: x=3232, y=2414, w=50, h=46
detection: Capturing ROI: x=3240, y=2421, w=50, h=46
detection: Capturing ROI: x=3248, y=2428, w=50, h=46
detection: Capturing ROI: x=3256, y=2435, w=50, h=46
detection: Capturing ROI: x=3264, y=2442, w=50, h=46
detection: Capturing ROI: x=3272, y=2449, w=50, h=46
detection: Capturing ROI: x=3280, y=2456, w=50, h=46
detection: Capturing ROI: x=3288, y=2463, w=50, h=46
detection: Capturing ROI: x=3296, y=2470, w=50, h=46
detection: Capturing ROI: x=3304, y=2477, w=50, h=46
detection: Capturing ROI: x=3312, y=2484, w=50, h=46
detection: Capturing ROI: x=3320, y=2491, w=50, h=46
DXScreenCapture::capture: AcquireNextFrame failed, hr=-2005270489
detection: Capturing ROI: x=3328, y=2498, w=50, h=46
detection: Capturing ROI: x=3336, y=2505, w=50, h=46
DXScreenCapture::capture: AcquireNextFrame failed, hr=-2005270489
detection: Capturing ROI: x=3344, y=2512, w=50, h=46
detection: Capturing ROI: x=3352, y=2519, w=50, h=46
detection: Capturing ROI: x=3360, y=2526, w=50, h=46
detection: Capturing ROI: x=3368, y=2533, w=50, h=46
detection: Capturing ROI: x=3376, y=2540, w=50, h=46
detection: Capturing ROI: x=3384, y=2547, w=50, h=46
detection: Capturing ROI: x=3392, y=2554, w=50, h=46
detection: Capturing ROI: x=3400, y=2561, w=50, h=46
detection: Capturing ROI: x=3408, y=2568, w=50, h=46
detection: Capturing ROI: x=3416, y=2575, w=50, h=46
detection: Capturing ROI: x=3424, y=2582, w=50, h=46
detection: Capturing ROI: x=3432, y=2589, w=50, h=46
detection: Capturing ROI: x=3440, y=2596, w=50, h=46
DXScreenCapture::capture: AcquireNextFrame failed, hr=-2005270489
detection: Capturing ROI: x=3448, y=2603, w=50, h=46
detection: Capturing ROI: x=3456, y=2610, w=50, h=46
detection: Capturing ROI: x=3464, y=2617, w=50, h=46
detection: Capturing ROI: x=3472, y=2624, w=50, h=46
detection: Capturing ROI: x=3480, y=2631, w=50, h=46
detection: Capturing ROI: x=3488, y=2638, w=50, h=46
detection: Capturing ROI: x=3496, y=2645, w=50, h=46
detection: Capturing ROI: x=3504, y=2652, w=50, h=46
detection: Capturing ROI: x=3512, y=2659, w=50, h=46
detection: Capturing ROI: x=3520, y=2666, w=50, h=46
detection: Capturing ROI: x=3528, y=2673, w=50, h=46
detection: Capturing ROI: x=3536, y=2680, w=50, h=46
detection: Capturing ROI: x=3544, y=2687, w=50, h=46
DXScreenCapture::capture: AcquireNextFrame failed, hr=-2005270489
detection: Capturing ROI: x=3552, y=2694, w=50, h=46
detection: Capturing ROI: x=3560, y=2701, w=50, h=46
DXScreenCapture::capture: AcquireNextFrame failed, hr=-2005270489
detection: Capturing ROI: x=3568, y=2708, w=50, h=46
detection: Capturing ROI: x=3576, y=2715, w=50, h=46
detection: Capturing ROI: x=3584, y=2722, w=50, h=46
detection: Capturing ROI: x=3592, y=2729, w=50, h=46
detection: Capturing ROI: x=3600, y=2736, w=50, h=46
detection: Capturing ROI: x=3608, y=2743, w=50, h=46
detection: Capturing ROI: x=3616, y=2750, w=50, h=46
detection: Capturing ROI: x=3624, y=2757, w=50, h=46
detection: Capturing ROI: x=3632, y=2764, w=50, h=46
detection: Capturing ROI: x=3640, y=2771, w=50, h=46
detection: Capturing ROI: x=3648, y=2778, w=50, h=46
DXScreenCapture::capture: AcquireNextFrame failed, hr=-2005270489
detection: Capturing ROI: x=3656, y=2785, w=50, h=46
detection: Capturing ROI: x=3664, y=2792, w=50, h=46
DXScreenCapture::capture: AcquireNextFrame failed, hr=-2005270489
detection: Capturing ROI: x=3672, y=2799, w=50, h=46
detection: Capturing ROI: x=3680, y=2806, w=50, h=46
detection: Capturing ROI: x=3688, y=2813, w=50, h=46
detection: Capturing ROI: x=3696, y=2820, w=50, h=46
detection: Capturing ROI: x=3704, y=2827, w=50, h=46
detection: Capturing ROI: x=3712, y=2834, w=50, h=46
detection: Capturing ROI: x=3720, y=2841, w=50, h=46
detection: Capturing ROI: x=3728, y=2848, w=50, h=46
detection: Capturing ROI: x=3736, y=2855, w=50, h=46
detection: Capturing ROI: x=3744, y=2862, w=50, h=46
detection: Capturing ROI: x=3752, y=2869, w=50, h=46
detection: Capturing ROI: x=3760, y=2876, w=50, h=46
DXScreenCapture::capture: AcquireNextFrame failed, hr=-2005270489
detection: Capturing ROI: x=3768, y=2883, w=50, h=46
detection: Capturing ROI: x=3776, y=2890, w=50, h=46
detection: Capturing ROI: x=3784, y=2897, w=50, h=46
detection: Capturing ROI: x=3792, y=2904, w=50, h=46
detection: Capturing ROI: x=3800, y=2911, w=50, h=46
DXScreenCapture::capture: AcquireNextFrame failed, hr=-2005270489
detection: Capturing ROI: x=3808, y=2918, w=50, h=46
detection: Capturing ROI: x=3816, y=2925, w=50, h=46
detection: Capturing ROI: x=3824, y=2932, w=50, h=46
detection: Capturing ROI: x=3832, y=2939, w=50, h=46
detection: Capturing ROI: x=3840, y=2946, w=50, h=46
detection: Capturing ROI: x=3848, y=2953, w=50, h=46
detection: Capturing ROI: x=3856, y=2960, w=50, h=46
detection: Capturing ROI: x=3864, y=2967, w=50, h=46
detection: Capturing ROI: x=3872, y=2974, w=50, h=46
detection: Capturing ROI: x=3880, y=2981, w=50, h=46
DXScreenCapture::capture: AcquireNextFrame failed, hr=-2005270489
detection: Capturing ROI: x=3888, y=2988, w=50, h=46
detection: Capturing ROI: x=3896, y=2995, w=50, h=46
DXScreenCapture::capture: AcquireNextFrame failed, hr=-2005270489
detection: Capturing ROI: x=3904, y=3002, w=50, h=46
detection: Capturing ROI: x=3912, y=3009, w=50, h=46
detection: Capturing ROI: x=3920, y=3016, w=50, h=46
detection: Capturing ROI: x=3928, y=3023, w=50, h=46
detection: Capturing ROI: x=3936, y=3030, w=50, h=46
detection: Capturing ROI: x=3944, y=3037, w=50, h=46
detection: Capturing ROI: x=3952, y=3044, w=50, h=46
detection: Capturing ROI: x=3960, y=3051, w=50, h=46
detection: Capturing ROI: x=3968, y=3058, w=50, h=46
detection: Capturing ROI: x=3976, y=3065, w=50, h=46
detection: Capturing ROI: x=3984, y=3072, w=50, h=46
detection: Capturing ROI: x=3992, y=3079, w=50, h=46
DXScreenCapture::capture: AcquireNextFrame failed, hr=-2005270489
detection: Capturing ROI: x=4000, y=3086, w=50, h=46
detection: Capturing ROI: x=4008, y=3093, w=50, h=46
DXScreenCapture::capture: AcquireNextFrame failed, hr=-2005270489
detection: Capturing ROI: x=4016, y=3100, w=50, h=46
detection: Capturing ROI: x=4024, y=3107, w=50, h=46
DXScreenCapture::capture: AcquireNextFrame failed, hr=-2005270489
detection: Capturing ROI: x=4032, y=3114, w=50, h=46
detection: Capturing ROI: x=4040, y=3121, w=50, h=46
detection: Capturing ROI: x=4048, y=3128, w=50, h=46
detection: Capturing ROI: x=4056, y=3135, w=50, h=46
detection: Capturing ROI: x=4064, y=3142, w=50, h=46
detection: Capturing ROI: x=4072, y=3149, w=50, h=46
detection: Capturing ROI: x=4080, y=3156, w=50, h=46
detection: Capturing ROI: x=4088, y=3163, w=50, h=46
detection: Capturing ROI: x=4096, y=3170, w=50, h=46
detection: Capturing ROI: x=4104, y=3177, w=50, h=46
DXScreenCapture::capture: AcquireNextFrame failed, hr=-2005270489
detection: Capturing ROI: x=4112, y=3184, w=50, h=46
detection: Capturing ROI: x=4120, y=3191, w=50, h=46
DXScreenCapture::capture: AcquireNextFrame failed, hr=-2005270489
detection: Capturing ROI: x=4128, y=3198, w=50, h=46
detection: Capturing ROI: x=4136, y=3205, w=50, h=46
detection: Capturing ROI: x=4144, y=3212, w=50, h=46
detection: Capturing ROI: x=4152, y=3219, w=50, h=46
detection: Capturing ROI: x=4160, y=3226, w=50, h=46
detection: Capturing ROI: x=4168, y=3233, w=50, h=46
detection: Capturing ROI: x=4176, y=3240, w=50, h=46
detection: Capturing ROI: x=4184, y=3247, w=50, h=46
detection: Capturing ROI: x=4192, y=3254, w=50, h=46
detection: Capturing ROI: x=4200, y=3261, w=50, h=46
detection: Capturing ROI: x=4208, y=3268, w=50, h=46
DXScreenCapture::capture: AcquireNextFrame failed, hr=-2005270489
detection: Capturing ROI: x=4216, y=3275, w=50, h=46
detection: Capturing ROI: x=4224, y=3282, w=50, h=46
DXScreenCapture::capture: AcquireNextFrame failed, hr=-2005270489
detection: Capturing ROI: x=4232, y=3289, w=50, h=46
detection: Capturing ROI: x=4240, y=3296, w=50, h=46
DXScreenCapture::capture: AcquireNextFrame failed, hr=-2005270489
detection: Capturing ROI: x=4248, y=3303, w=50, h=46
detection: Capturing ROI: x=4256, y=3310, w=50, h=46
detection: Capturing ROI: x=4264, y=3317, w=50, h=46
detection: Capturing ROI: x=4272, y=3324, w=50, h=46
detection: Capturing ROI: x=4280, y=3331, w=50, h=46
detection: Capturing ROI: x=4288, y=3338, w=50, h=46
detection: Capturing ROI: x=4296, y=3345, w=50, h=46
detection: Capturing ROI: x=4304, y=3352, w=50, h=46
detection: Capturing ROI: x=4312, y=3359, w=50, h=46
detection: Capturing ROI: x=4320, y=3366, w=50, h=46
DXScreenCapture::capture: AcquireNextFrame failed, hr=-2005270489
detection: Capturing ROI: x=4328, y=3373, w=50, h=46
detection: Capturing ROI: x=4336, y=3380, w=50, h=46
DXScreenCapture::capture: AcquireNextFrame failed, hr=-2005270489
detection: Capturing ROI: x=4344, y=3387, w=50, h=46
detection: Capturing ROI: x=4352, y=3394, w=50, h=46
DXScreenCapture::capture: AcquireNextFrame failed, hr=-2005270489
detection: Capturing ROI: x=4360, y=3401, w=50, h=46
detection: Capturing ROI: x=4368, y=3408, w=50, h=46
detection: Capturing ROI: x=4376, y=3415, w=50, h=46
detection: Capturing ROI: x=4384, y=3422, w=50, h=46
detection: Capturing ROI: x=4392, y=3429, w=50, h=46
detection: Capturing ROI: x=4400, y=3436, w=50, h=46
detection: Capturing ROI: x=4408, y=3443, w=50, h=46
detection: Capturing ROI: x=4416, y=3450, w=50, h=46
detection: Capturing ROI: x=4424, y=3457, w=50, h=46
detection: Capturing ROI: x=4432, y=3464, w=50, h=46
DXScreenCapture::capture: AcquireNextFrame failed, hr=-2005270489
detection: Capturing ROI: x=4440, y=3471, w=50, h=46
detection: Capturing ROI: x=4448, y=3478, w=50, h=46
DXScreenCapture::capture: AcquireNextFrame failed, hr=-2005270489
detection: Capturing ROI: x=4456, y=3485, w=50, h=46
detection: Capturing ROI: x=4464, y=3492, w=50, h=46
DXScreenCapture::capture: AcquireNextFrame failed, hr=-2005270489
detection: Capturing ROI: x=4472, y=3499, w=50, h=46
detection: Capturing ROI: x=4480, y=3506, w=50, h=46
detection: Capturing ROI: x=4488, y=3513, w=50, h=46
detection: Capturing ROI: x=4496, y=3520, w=50, h=46
detection: Capturing ROI: x=4504, y=3527, w=50, h=46
detection: Capturing ROI: x=4512, y=3534, w=50, h=46
detection: Capturing ROI: x=4520, y=3541, w=50, h=46
detection: Capturing ROI: x=4528, y=3548, w=50, h=46
detection: Capturing ROI: x=4536, y=3555, w=50, h=46
detection: Capturing ROI: x=4544, y=3562, w=50, h=46
detection: Capturing ROI: x=4552, y=3569, w=50, h=46
detection: Capturing ROI: x=4560, y=3576, w=50, h=46
DXScreenCapture::capture: AcquireNextFrame failed, hr=-2005270489
detection: Capturing ROI: x=4568, y=3583, w=50, h=46
detection: Capturing ROI: x=4576, y=3590, w=50, h=46
DXScreenCapture::capture: AcquireNextFrame failed, hr=-2005270489
detection: Capturing ROI: x=4584, y=3597, w=50, h=46
detection: Capturing ROI: x=4592, y=3604, w=50, h=46
detection: Capturing ROI: x=4600, y=3611, w=50, h=46
detection: Capturing ROI: x=4608, y=3618, w=50, h=46
detection: Capturing ROI: x=4616, y=3625, w=50, h=46
detection: Capturing ROI: x=4624, y=3632, w=50, h=46
detection: Capturing ROI: x=4632, y=3639, w=50, h=46
detection: Capturing ROI: x=4640, y=3646, w=50, h=46
detection: Capturing ROI: x=4648, y=3653, w=50, h=46
detection: Capturing ROI: x=4656, y=3660, w=50, h=46
detection: Capturing ROI: x=4664, y=3667, w=50, h=46
DXScreenCapture::capture: AcquireNextFrame failed, hr=-2005270489
detection: Capturing ROI: x=4672, y=3674, w=50, h=46
detection: Capturing ROI: x=4680, y=3681, w=50, h=46
DXScreenCapture::capture: AcquireNextFrame failed, hr=-2005270489
detection: Capturing ROI: x=4688, y=3688, w=50, h=46
detection: Capturing ROI: x=4696, y=3695, w=50, h=46
DXScreenCapture::capture: AcquireNextFrame failed, hr=-2005270489
detection: Capturing ROI: x=4704, y=3702, w=50, h=46
detection: Capturing ROI: x=4712, y=3709, w=50, h=46
detection: Capturing ROI: x=4720, y=3716, w=50, h=46
detection: Capturing ROI: x=4728, y=3723, w=50, h=46
detection: Capturing ROI: x=4736, y=3730, w=50, h=46
detection: Capturing ROI: x=4744, y=3737, w=50, h=46
detection: Capturing ROI: x=4752, y=3744, w=50, h=46
detection: Capturing ROI: x=4760, y=3751, w=50, h=46
detection: Capturing ROI: x=4768, y=3758, w=50, h=46
detection: Capturing ROI: x=4776, y=3765, w=50, h=46
DXScreenCapture::capture: AcquireNextFrame failed, hr=-2005270489
detection: Capturing ROI: x=4784, y=3772, w=50, h=46
detection: Capturing ROI: x=4792, y=3779, w=50, h=46
DXScreenCapture::capture: AcquireNextFrame failed, hr=-2005270489
detection: Capturing ROI: x=4800, y=3786, w=50, h=46
detection: Capturing ROI: x=4808, y=3793, w=50, h=46
detection: Capturing ROI: x=4816, y=3800, w=50, h=46
detection: Capturing ROI: x=4824, y=3807, w=50, h=46
detection: Capturing ROI: x=4832, y=3814, w=50, h=46
detection: Capturing ROI: x=4840, y=3821, w=50, h=46
detection: Capturing ROI: x=4848, y=3828, w=50, h=46
detection: Capturing ROI: x=4856, y=3835, w=50, h=46
detection: Capturing ROI: x=4864, y=3842, w=50, h=46
detection: Capturing ROI: x=4872, y=3849, w=50, h=46
detection: Capturing ROI: x=4880, y=3856, w=50, h=46
DXScreenCapture::capture: AcquireNextFrame failed, hr=-2005270489
detection: Capturing ROI: x=4888, y=3863, w=50, h=46
detection: Capturing ROI: x=4896, y=3870, w=50, h=46
DXScreenCapture::capture: AcquireNextFrame failed, hr=-2005270489
detection: Capturing ROI: x=4904, y=3877, w=50, h=46
detection: Capturing ROI: x=4912, y=3884, w=50, h=46
detection: Capturing ROI: x=4920, y=3891, w=50, h=46
detection: Capturing ROI: x=4928, y=3898, w=50, h=46
detection: Capturing ROI: x=4936, y=3905, w=50, h=46
detection: Capturing ROI: x=4944, y=3912, w=50, h=46
detection: Capturing ROI: x=4952, y=3919, w=50, h=46
detection: Capturing ROI: x=4960, y=3926, w=50, h=46
detection: Capturing ROI: x=4968, y=3933, w=50, h=46
detection: Capturing ROI: x=4976, y=3940, w=50, h=46
detection: Capturing ROI: x=4984, y=3947, w=50, h=46
detection: Capturing ROI: x=4992, y=3954, w=50, h=46
DXScreenCapture::capture: AcquireNextFrame failed, hr=-2005270489
detection: Capturing ROI: x=5000, y=3961, w=50, h=46
detection: Capturing ROI: x=5008, y=3968, w=50, h=46
DXScreenCapture::capture: AcquireNextFrame failed, hr=-2005270489
detection: Capturing ROI: x=5016, y=3975, w=50, h=46
detection: Capturing ROI: x=5024, y=3982, w=50, h=46
DXScreenCapture::capture: AcquireNextFrame failed, hr=-2005270489
detection: Capturing ROI: x=5032, y=3989, w=50, h=46
detection: Capturing ROI: x=5040, y=3996, w=50, h=46
detection: Capturing ROI: x=5048, y=4003, w=50, h=46
detection: Capturing ROI: x=5056, y=4010, w=50, h=46
detection: Capturing ROI: x=5064, y=4017, w=50, h=46
detection: Capturing ROI: x=5072, y=4024, w=50, h=46
detection: Capturing ROI: x=5080, y=4031, w=50, h=46
detection: Capturing ROI: x=5088, y=4038, w=50, h=46
detection: Capturing ROI: x=5096, y=4045, w=50, h=46
detection: Capturing ROI: x=5104, y=4052, w=50, h=46
DXScreenCapture::capture: AcquireNextFrame failed, hr=-2005270489
detection: Capturing ROI: x=5112, y=4059, w=50, h=46
detection: Capturing ROI: x=5120, y=4066, w=50, h=46
DXScreenCapture::capture: AcquireNextFrame failed, hr=-2005270489
detection: Capturing ROI: x=5128, y=4073, w=50, h=46
detection: Capturing ROI: x=5136, y=4080, w=50, h=46
DXScreenCapture::capture: AcquireNextFrame failed, hr=-2005270489
detection: Capturing ROI: x=5144, y=4087, w=50, h=46
detection: Capturing ROI: x=5152, y=4094, w=50, h=46
detection: Capturing ROI: x=5160, y=4101, w=50, h=46
detection: Capturing ROI: x=5168, y=4108, w=50, h=46
detection: Capturing ROI: x=5176, y=4115, w=50, h=46
detection: Capturing ROI: x=5184, y=4122, w=50, h=46
detection: Capturing ROI: x=5192, y=4129, w=50, h=46
detection: Capturing ROI: x=5200, y=4136, w=50, h=46
detection: Capturing ROI: x=5208, y=4143, w=50, h=46
detection: Capturing ROI: x=5216, y=4150, w=50, h=46
DXScreenCapture::capture: AcquireNextFrame failed, hr=-2005270489
detection: Capturing ROI: x=5224, y=4157, w=50, h=46
detection: Capturing ROI: x=5232, y=4164, w=50, h=46
DXScreenCapture::capture: AcquireNextFrame failed, hr=-2005270489
detection: Capturing ROI: x=5240, y=4171, w=50, h=46
detection: Capturing ROI: x=5248, y=4178, w=50, h=46
DXScreenCapture::capture: AcquireNextFrame failed, hr=-2005270489
detection: Capturing ROI: x=5256, y=4185, w=50, h=46
detection: Capturing ROI: x=5264, y=4192, w=50, h=46
detection: Capturing ROI: x=5272, y=4199, w=50, h=46
detection: Capturing ROI: x=5280, y=4206, w=50, h=46
detection: Capturing ROI: x=5288, y=4213, w=50, h=46
detection: Capturing ROI: x=5296, y=4220, w=50, h=46
detection: Capturing ROI: x=5304, y=4227, w=50, h=46
detection: Capturing ROI: x=5312, y=4234, w=50, h=46
detection: Capturing ROI: x=5320, y=4241, w=50, h=46
DXScreenCapture::capture: AcquireNextFrame failed, hr=-2005270489
detection: Capturing ROI: x=5328, y=4248, w=50, h=46
detection: Capturing ROI: x=5336, y=4255, w=50, h=46
DXScreenCapture::capture: AcquireNextFrame failed, hr=-2005270489
detection: Capturing ROI: x=5344, y=4262, w=50, h=46
detection: Capturing ROI: x=5352, y=4269, w=50, h=46
detection: Capturing ROI: x=5360, y=4276, w=50, h=46
detection: Capturing ROI: x=5368, y=4283, w=50, h=46
detection: Capturing ROI: x=5376, y=4290, w=50, h=46
detection: Capturing ROI: x=5384, y=4297, w=50, h=46
detection: Capturing ROI: x=5392, y=4304, w=50, h=46
detection: Capturing ROI: x=5400, y=4311, w=50, h=46
detection: Capturing ROI: x=5408, y=4318, w=50, h=46
detection: Capturing ROI: x=5416, y=4325, w=50, h=46
detection: Capturing ROI: x=5424, y=4332, w=50, h=46
DXScreenCapture::capture: AcquireNextFrame failed, hr=-2005270489
detection: Capturing ROI: x=5432, y=4339, w=50, h=46
detection: Capturing ROI: x=5440, y=4346, w=50, h=46
detection: Capturing ROI: x=5448, y=4353, w=50, h=46
detection: Capturing ROI: x=5456, y=4360, w=50, h=46
detection: Capturing ROI: x=5464, y=4367, w=50, h=46
DXScreenCapture::capture: AcquireNextFrame failed, hr=-2005270489
detection: Capturing ROI: x=5472, y=4374, w=50, h=46
detection: Capturing ROI: x=5480, y=4381, w=50, h=46
detection: Capturing ROI: x=5488, y=4388, w=50, h=46
detection: Capturing ROI: x=5496, y=4395, w=50, h=46
detection: Capturing ROI: x=5504, y=4402, w=50, h=46
detection: Capturing ROI: x=5512, y=4409, w=50, h=46
detection: Capturing ROI: x=5520, y=4416, w=50, h=46
detection: Capturing ROI: x=5528, y=4423, w=50, h=46
detection: Capturing ROI: x=5536, y=4430, w=50, h=46
detection: Capturing ROI: x=5544, y=4437, w=50, h=46
DXScreenCapture::capture: AcquireNextFrame failed, hr=-2005270489
detection: Capturing ROI: x=5552, y=4444, w=50, h=46
detection: Capturing ROI: x=5560, y=4451, w=50, h=46
DXScreenCapture::capture: AcquireNextFrame failed, hr=-2005270489
detection: Capturing ROI: x=5568, y=4458, w=50, h=46
detection: Capturing ROI: x=5576, y=4465, w=50, h=46
detection: Capturing ROI: x=5584, y=4472, w=50, h=46
detection: Capturing ROI: x=5592, y=4479, w=50, h=46
detection: Capturing ROI: x=5600, y=4486, w=50, h=46
detection: Capturing ROI: x=5608, y=4493, w=50, h=46
detection: Capturing ROI: x=5616, y=4500, w=50, h=46
detection: Capturing ROI: x=5624, y=4507, w=50, h=46
detection: Capturing ROI: x=5632, y=4514, w=50, h=46
detection: Capturing ROI: x=5640, y=4521, w=50, h=46
detection: Capturing ROI: x=5648, y=4528, w=50, h=46
detection: Capturing ROI: x=5656, y=4535, w=50, h=46
detection: Capturing ROI: x=5664, y=4542, w=50, h=46
DXScreenCapture::capture: AcquireNextFrame failed, hr=-2005270489
detection: Capturing ROI: x=5672, y=4549, w=50, h=46
detection: Capturing ROI: x=5680, y=4556, w=50, h=46
DXScreenCapture::capture: AcquireNextFrame failed, hr=-2005270489
detection: Capturing ROI: x=5688, y=4563, w=50, h=46
detection: Capturing ROI: x=5696, y=4570, w=50, h=46
DXScreenCapture::capture: AcquireNextFrame failed, hr=-2005270489
detection: Capturing ROI: x=5704, y=4577, w=50, h=46
detection: Capturing ROI: x=5712, y=4584, w=50, h=46
detection: Capturing ROI: x=5720, y=4591, w=50, h=46
detection: Capturing ROI: x=5728, y=4598, w=50, h=46
detection: Capturing ROI: x=5736, y=4605, w=50, h=46
detection: Capturing ROI: x=5744, y=4612, w=50, h=46
detection: Capturing ROI: x=5752, y=4619, w=50, h=46
detection: Capturing ROI: x=5760, y=4626, w=50, h=46
detection: Capturing ROI: x=5768, y=4633, w=50, h=46
detection: Capturing ROI: x=5776, y=4640, w=50, h=46
detection: Capturing ROI: x=5784, y=4647, w=50, h=46
DXScreenCapture::capture: AcquireNextFrame failed, hr=-2005270489
detection: Capturing ROI: x=5792, y=4654, w=50, h=46
detection: Capturing ROI: x=5800, y=4661, w=50, h=46
DXScreenCapture::capture: AcquireNextFrame failed, hr=-2005270489
detection: Capturing ROI: x=5808, y=4668, w=50, h=46
detection: Capturing ROI: x=5816, y=4675, w=50, h=46
detection: Capturing ROI: x=5824, y=4682, w=50, h=46
detection: Capturing ROI: x=5832, y=4689, w=50, h=46
detection: Capturing ROI: x=5840, y=4696, w=50, h=46
detection: Capturing ROI: x=5848, y=4703, w=50, h=46
detection: Capturing ROI: x=5856, y=4710, w=50, h=46
detection: Capturing ROI: x=5864, y=4717, w=50, h=46
detection: Capturing ROI: x=5872, y=4724, w=50, h=46
detection: Capturing ROI: x=5880, y=4731, w=50, h=46
detection: Capturing ROI: x=5888, y=4738, w=50, h=46
DXScreenCapture::capture: AcquireNextFrame failed, hr=-2005270489
detection: Capturing ROI: x=5896, y=4745, w=50, h=46
detection: Capturing ROI: x=5904, y=4752, w=50, h=46
detection: Capturing ROI: x=5912, y=4759, w=50, h=46
detection: Capturing ROI: x=5920, y=4766, w=50, h=46
detection: Capturing ROI: x=5928, y=4773, w=50, h=46
DXScreenCapture::capture: AcquireNextFrame failed, hr=-2005270489
detection: Capturing ROI: x=5936, y=4780, w=50, h=46
detection: Capturing ROI: x=5944, y=4787, w=50, h=46
detection: Capturing ROI: x=5952, y=4794, w=50, h=46
detection: Capturing ROI: x=5960, y=4801, w=50, h=46
detection: Capturing ROI: x=5968, y=4808, w=50, h=46
detection: Capturing ROI: x=5976, y=4815, w=50, h=46
detection: Capturing ROI: x=5984, y=4822, w=50, h=46
detection: Capturing ROI: x=5992, y=4829, w=50, h=46
detection: Capturing ROI: x=6000, y=4836, w=50, h=46
detection: Capturing ROI: x=6008, y=4843, w=50, h=46
detection: Capturing ROI: x=6016, y=4850, w=50, h=46
DXScreenCapture::capture: AcquireNextFrame failed, hr=-2005270489
detection: Capturing ROI: x=6024, y=4857, w=50, h=46
detection: Capturing ROI: x=6032, y=4864, w=50, h=46
detection: Capturing ROI: x=6040, y=4871, w=50, h=46
detection: Capturing ROI: x=6048, y=4878, w=50, h=46
detection: Capturing ROI: x=6056, y=4885, w=50, h=46
detection: Capturing ROI: x=6064, y=4892, w=50, h=46
detection: Capturing ROI: x=6072, y=4899, w=50, h=46
detection: Capturing ROI: x=6080, y=4906, w=50, h=46
detection: Capturing ROI: x=6088, y=4913, w=50, h=46
detection: Capturing ROI: x=6096, y=4920, w=50, h=46
detection: Capturing ROI: x=6104, y=4927, w=50, h=46
detection: Capturing ROI: x=6112, y=4934, w=50, h=46
detection: Capturing ROI: x=6120, y=4941, w=50, h=46
detection: Capturing ROI: x=6128, y=4948, w=50, h=46
DXScreenCapture::capture: AcquireNextFrame failed, hr=-2005270489
detection: Capturing ROI: x=6136, y=4955, w=50, h=46
detection: Capturing ROI: x=6144, y=4962, w=50, h=46
DXScreenCapture::capture: AcquireNextFrame failed, hr=-2005270489
detection: Capturing ROI: x=6152, y=4969, w=50, h=46
detection: Capturing ROI: x=6160, y=4976, w=50, h=46
detection: Capturing ROI: x=6168, y=4983, w=50, h=46
detection: Capturing ROI: x=6176, y=4990, w=50, h=46
detection: Capturing ROI: x=6184, y=4997, w=50, h=46
detection: Capturing ROI: x=6192, y=5004, w=50, h=46
detection: Capturing ROI: x=6200, y=5011, w=50, h=46
detection: Capturing ROI: x=6208, y=5018, w=50, h=46
detection: Capturing ROI: x=6216, y=5025, w=50, h=46
detection: Capturing ROI: x=6224, y=5032, w=50, h=46
detection: Capturing ROI: x=6232, y=5039, w=50, h=46
detection: Capturing ROI: x=6240, y=5046, w=50, h=46
DXScreenCapture::capture: AcquireNextFrame failed, hr=-2005270489
detection: Capturing ROI: x=6248, y=5053, w=50, h=46
detection: Capturing ROI: x=6256, y=5060, w=50, h=46
detection: Capturing ROI: x=6264, y=5067, w=50, h=46
detection: Capturing ROI: x=6272, y=5074, w=50, h=46
detection: Capturing ROI: x=6280, y=5081, w=50, h=46
detection: Capturing ROI: x=6288, y=5088, w=50, h=46
detection: Capturing ROI: x=6296, y=5095, w=50, h=46
detection: Capturing ROI: x=6304, y=5102, w=50, h=46
detection: Capturing ROI: x=6312, y=5109, w=50, h=46
detection: Capturing ROI: x=6320, y=5116, w=50, h=46
detection: Capturing ROI: x=6328, y=5123, w=50, h=46
detection: Capturing ROI: x=6336, y=5130, w=50, h=46
detection: Capturing ROI: x=6344, y=5137, w=50, h=46
detection: Capturing ROI: x=6352, y=5144, w=50, h=46
DXScreenCapture::capture: AcquireNextFrame failed, hr=-2005270489
detection: Capturing ROI: x=6360, y=5151, w=50, h=46
detection: Capturing ROI: x=6368, y=5158, w=50, h=46
DXScreenCapture::capture: AcquireNextFrame failed, hr=-2005270489
detection: Capturing ROI: x=6376, y=5165, w=50, h=46
detection: Capturing ROI: x=6384, y=5172, w=50, h=46
detection: Capturing ROI: x=6392, y=5179, w=50, h=46
detection: Capturing ROI: x=6400, y=5186, w=50, h=46
detection: Capturing ROI: x=6408, y=5193, w=50, h=46
detection: Capturing ROI: x=6416, y=5200, w=50, h=46
detection: Capturing ROI: x=6424, y=5207, w=50, h=46
detection: Capturing ROI: x=6432, y=5214, w=50, h=46
detection: Capturing ROI: x=6440, y=5221, w=50, h=46
detection: Capturing ROI: x=6448, y=5228, w=50, h=46
detection: Capturing ROI: x=6456, y=5235, w=50, h=46
detection: Capturing ROI: x=6464, y=5242, w=50, h=46
detection: Capturing ROI: x=6472, y=5249, w=50, h=46
detection: Capturing ROI: x=6480, y=5256, w=50, h=46
detection: Capturing ROI: x=6488, y=5263, w=50, h=46
DXScreenCapture::capture: AcquireNextFrame failed, hr=-2005270489
detection: Capturing ROI: x=6496, y=5270, w=50, h=46
detection: Capturing ROI: x=6504, y=5277, w=50, h=46
DXScreenCapture::capture: AcquireNextFrame failed, hr=-2005270489
detection: Capturing ROI: x=6512, y=5284, w=50, h=46
detection: Capturing ROI: x=6520, y=5291, w=50, h=46
detection: Capturing ROI: x=6528, y=5298, w=50, h=46
detection: Capturing ROI: x=6536, y=5305, w=50, h=46
detection: Capturing ROI: x=6544, y=5312, w=50, h=46
detection: Capturing ROI: x=6552, y=5319, w=50, h=46
detection: Capturing ROI: x=6560, y=5326, w=50, h=46
detection: Capturing ROI: x=6568, y=5333, w=50, h=46
detection: Capturing ROI: x=6576, y=5340, w=50, h=46
detection: Capturing ROI: x=6584, y=5347, w=50, h=46
detection: Capturing ROI: x=6592, y=5354, w=50, h=46
detection: Capturing ROI: x=6600, y=5361, w=50, h=46
detection: Capturing ROI: x=6608, y=5368, w=50, h=46
DXScreenCapture::capture: AcquireNextFrame failed, hr=-2005270489
detection: Capturing ROI: x=6616, y=5375, w=50, h=46
detection: Capturing ROI: x=6624, y=5382, w=50, h=46
DXScreenCapture::capture: AcquireNextFrame failed, hr=-2005270489
detection: Capturing ROI: x=6632, y=5389, w=50, h=46
detection: Capturing ROI: x=6640, y=5396, w=50, h=46
DXScreenCapture::capture: AcquireNextFrame failed, hr=-2005270489
detection: Capturing ROI: x=6648, y=5403, w=50, h=46
detection: Capturing ROI: x=6656, y=5410, w=50, h=46
detection: Capturing ROI: x=6664, y=5417, w=50, h=46
detection: Capturing ROI: x=6672, y=5424, w=50, h=46
detection: Capturing ROI: x=6680, y=5431, w=50, h=46
detection: Capturing ROI: x=6688, y=5438, w=50, h=46
detection: Capturing ROI: x=6696, y=5445, w=50, h=46
detection: Capturing ROI: x=6704, y=5452, w=50, h=46
detection: Capturing ROI: x=6712, y=5459, w=50, h=46
DXScreenCapture::capture: AcquireNextFrame failed, hr=-2005270489
detection: Capturing ROI: x=6720, y=5466, w=50, h=46
detection: Capturing ROI: x=6728, y=5473, w=50, h=46
DXScreenCapture::capture: AcquireNextFrame failed, hr=-2005270489
detection: Capturing ROI: x=6736, y=5480, w=50, h=46
detection: Capturing ROI: x=6744, y=5487, w=50, h=46
DXScreenCapture::capture: AcquireNextFrame failed, hr=-2005270489
detection: Capturing ROI: x=6752, y=5494, w=50, h=46
detection: Capturing ROI: x=6760, y=5501, w=50, h=46
detection: Capturing ROI: x=6768, y=5508, w=50, h=46
detection: Capturing ROI: x=6776, y=5515, w=50, h=46
detection: Capturing ROI: x=6784, y=5522, w=50, h=46
detection: Capturing ROI: x=6792, y=5529, w=50, h=46
detection: Capturing ROI: x=6800, y=5536, w=50, h=46
detection: Capturing ROI: x=6808, y=5543, w=50, h=46
detection: Capturing ROI: x=6816, y=5550, w=50, h=46
detection: Capturing ROI: x=6824, y=5557, w=50, h=46
detection: Capturing ROI: x=6832, y=5564, w=50, h=46
DXScreenCapture::capture: AcquireNextFrame failed, hr=-2005270489
detection: Capturing ROI: x=6840, y=5571, w=50, h=46
detection: Capturing ROI: x=6848, y=5578, w=50, h=46
detection: Capturing ROI: x=6856, y=5585, w=50, h=46
DXScreenCapture::capture: AcquireNextFrame failed, hr=-2005270489
detection: Capturing ROI: x=6864, y=5592, w=50, h=46
detection: Capturing ROI: x=6872, y=5599, w=50, h=46
DXScreenCapture::capture: AcquireNextFrame failed, hr=-2005270489
detection: Capturing ROI: x=6880, y=5606, w=50, h=46
detection: Capturing ROI: x=6888, y=5613, w=50, h=46
detection: Capturing ROI: x=6896, y=5620, w=50, h=46
detection: Capturing ROI: x=6904, y=5627, w=50, h=46
detection: Capturing ROI: x=6912, y=5634, w=50, h=46
detection: Capturing ROI: x=6920, y=5641, w=50, h=46
detection: Capturing ROI: x=6928, y=5648, w=50, h=46
detection: Capturing ROI: x=6936, y=5655, w=50, h=46
detection: Capturing ROI: x=6944, y=5662, w=50, h=46
detection: Capturing ROI: x=6952, y=5669, w=50, h=46
detection: Capturing ROI: x=6960, y=5676, w=50, h=46
DXScreenCapture::capture: AcquireNextFrame failed, hr=-2005270489
detection: Capturing ROI: x=6968, y=5683, w=50, h=46
detection: Capturing ROI: x=6976, y=5690, w=50, h=46
detection: Capturing ROI: x=6984, y=5697, w=50, h=46
DXScreenCapture::capture: AcquireNextFrame failed, hr=-2005270489
detection: Capturing ROI: x=6992, y=5704, w=50, h=46
detection: Capturing ROI: x=7000, y=5711, w=50, h=46
detection: Capturing ROI: x=7008, y=5718, w=50, h=46
detection: Capturing ROI: x=7016, y=5725, w=50, h=46
detection: Capturing ROI: x=7024, y=5732, w=50, h=46
detection: Capturing ROI: x=7032, y=5739, w=50, h=46
detection: Capturing ROI: x=7040, y=5746, w=50, h=46
detection: Capturing ROI: x=7048, y=5753, w=50, h=46
detection: Capturing ROI: x=7056, y=5760, w=50, h=46
DXScreenCapture::capture: AcquireNextFrame failed, hr=-2005270489
detection: Capturing ROI: x=7064, y=5767, w=50, h=46
detection: Capturing ROI: x=7072, y=5774, w=50, h=46
detection: Capturing ROI: x=7080, y=5781, w=50, h=46
detection: Capturing ROI: x=7088, y=5788, w=50, h=46
detection: Capturing ROI: x=7096, y=5795, w=50, h=46
DXScreenCapture::capture: AcquireNextFrame failed, hr=-2005270489
detection: Capturing ROI: x=7104, y=5802, w=50, h=46
detection: Capturing ROI: x=7112, y=5809, w=50, h=46
detection: Capturing ROI: x=7120, y=5816, w=50, h=46
detection: Capturing ROI: x=7128, y=5823, w=50, h=46
detection: Capturing ROI: x=7136, y=5830, w=50, h=46
detection: Capturing ROI: x=7144, y=5837, w=50, h=46
detection: Capturing ROI: x=7152, y=5844, w=50, h=46
detection: Capturing ROI: x=7160, y=5851, w=50, h=46
detection: Capturing ROI: x=7168, y=5858, w=50, h=46
detection: Capturing ROI: x=7176, y=5865, w=50, h=46
DXScreenCapture::capture: AcquireNextFrame failed, hr=-2005270489
detection: Capturing ROI: x=7184, y=5872, w=50, h=46
detection: Capturing ROI: x=7192, y=5879, w=50, h=46
DXScreenCapture::capture: AcquireNextFrame failed, hr=-2005270489
detection: Capturing ROI: x=7200, y=5886, w=50, h=46
detection: Capturing ROI: x=7208, y=5893, w=50, h=46
detection: Capturing ROI: x=7216, y=5900, w=50, h=46
DXScreenCapture::capture: AcquireNextFrame failed, hr=-2005270489
detection: Capturing ROI: x=7224, y=5907, w=50, h=46
detection: Capturing ROI: x=7232, y=5914, w=50, h=46
DXScreenCapture::capture: AcquireNextFrame failed, hr=-2005270489
detection: Capturing ROI: x=7240, y=5921, w=50, h=46
detection: Capturing ROI: x=7248, y=5928, w=50, h=46
detection: Capturing ROI: x=7256, y=5935, w=50, h=46
detection: Capturing ROI: x=7264, y=5942, w=50, h=46
detection: Roblox window not in foreground
detection: Roblox window not in foreground
detection: Roblox window not in foreground
detection: Roblox window not in foreground
detection: Roblox window not in foreground
detection: Roblox window not in foreground
detection: Roblox window not in foreground
detection: Roblox window not in foreground
detection: Roblox window not in foreground
detection: Roblox window not in foreground
detection: Roblox window not in foreground
detection: Roblox window not in foreground
detection: Roblox window not in foreground
detection: Roblox window not in foreground
detection: Roblox window not in foreground
detection: Roblox window not in foreground
detection: Roblox window not in foreground
detection: Roblox window not in foreground
detection: Roblox window not in foreground
detection: Roblox window not in foreground
detection: Roblox window not in foreground
detection: Roblox window not in foreground
detection: Roblox window not in foreground
detection: Roblox window not in foreground
detection: Roblox window not in foreground
detection: Roblox window not in foreground
detection: Roblox window not in foreground
detection: Roblox window not in foreground
detection: Roblox window not in foreground
detection: Roblox window not in foreground
detection: Roblox window not in foreground
detection: Roblox window not in foreground
detection: Roblox window not in foreground
detection: Roblox window not in foreground
detection: Roblox window not in foreground
detection: Roblox window not in foreground
detection: Roblox window not in foreground
detection: Roblox window not in foreground
detection: Roblox window not in foreground
detection: Roblox window not in foreground
detection: Roblox window not in foreground
detection: Roblox window not in foreground
detection: Roblox window not in foreground
detection: Roblox window not in foreground
detection: Roblox window not in foreground
detection: Roblox window not in foreground
detection: Roblox window not in foreground
detection: Roblox window not in foreground
detection: Roblox window not in foreground
detection: Roblox window not in foreground
detection: Roblox window not in foreground
detection: Roblox window not in foreground
detection: Roblox window not in foreground
detection: Roblox window not in foreground
detection: Roblox window not in foreground
detection: Roblox window not in foreground
detection: Roblox window not in foreground
detection: Roblox window not in foreground
detection: Roblox window not in foreground
detection: Roblox window not in foreground
detection: Roblox window not in foreground
detection: Roblox window not in foreground
detection: Roblox window not in foreground
detection: Roblox window not in foreground
detection: Roblox window not in foreground
detection: Roblox window not in foreground
detection: Roblox window not in foreground
detection: Roblox window not in foreground
detection: Roblox window not in foreground
detection: Roblox window not in foreground
detection: Roblox window not in foreground
detection: Roblox window not in foreground
detection: Roblox window not in foreground
detection: Roblox window not in foreground
detection: Roblox window not in foreground
detection: Roblox window not in foreground
detection: Roblox window not in foreground
detection: Roblox window not in foreground
detection: Roblox window not in foreground
detection: Roblox window not in foreground
detection: Roblox window not in foreground
detection: Roblox window not in foreground
detection: Roblox window not in foreground
detection: Roblox window not in foreground
detection: Roblox window not in foreground
detection: Roblox window not in foreground
detection: Roblox window not in foreground
detection: Roblox window not in foreground
detection: Roblox window not in foreground
detection: Roblox window not in foreground
detection: Roblox window not in foreground
detection: Roblox window not in foreground
detection: Roblox window not in foreground
detection: Roblox window not in foreground
detection: Roblox window not in foreground
detection: Roblox window not in foreground
detection: Roblox window not in foreground
detection: Roblox window not in foreground
detection: Roblox window not in foreground
detection: Roblox window not in foreground
detection: Roblox window not in foreground
detection: Roblox window not in foreground
detection: Roblox window not in foreground
detection: Roblox window not in foreground
detection: Roblox window not in foreground
detection: Roblox window not in foreground
detection: Roblox window not in foreground
detection: Roblox window not in foreground
detection: Roblox window not in foreground
detection: Roblox window not in foreground
detection: Roblox window not in foreground
detection: Roblox window not in foreground
detection: Roblox window not in foreground
detection: Roblox window not in foreground
detection: Roblox window not in foreground
detection: Roblox window not in foreground
detection: Roblox window not in foreground
detection: Roblox window not in foreground
detection: Roblox window not in foreground
detection: Roblox window not in foreground
detection: Roblox window not in foreground
detection: Roblox window not in foreground
detection: Roblox window not in foreground
detection: Roblox window not in foreground
detection: Roblox window not in foreground
detection: Roblox window not in foreground
detection: Roblox window not in foreground
detection: Roblox window not in foreground
detection: Roblox window not in foreground
detection: Roblox window not in foreground
detection: Roblox window not in foreground
detection: Roblox window not in foreground
detection: Roblox window not in foreground
detection: Roblox window not in foreground
detection: Roblox window not in foreground
detection: Roblox window not in foreground
detection: Roblox window not in foreground
detection: Roblox window not in foreground
detection: Roblox window not in foreground
detection: Roblox window not in foreground
detection: Roblox window not in foreground
detection: Roblox window not in foreground
detection: Roblox window not in foreground
detection: Roblox window not in foreground
detection: Roblox window not in foreground
detection: Roblox window not in foreground
detection: Roblox window not in foreground
detection: Roblox window not in foreground
detection: Roblox window not in foreground
detection: Roblox window not in foreground
detection: Roblox window not in foreground
detection: Roblox window not in foreground
detection: Roblox window not in foreground
detection: Roblox window not in foreground
detection: Roblox window not in foreground
detection: Roblox window not in foreground
detection: Roblox window not in foreground
detection: Roblox window not in foreground
detection: Roblox window not in foreground
detection: Roblox window not in foreground
detection: Roblox window not in foreground
detection: Roblox window not in foreground
detection: Roblox window not in foreground
detection: Roblox window not in foreground
detection: Roblox window not in foreground
detection: Roblox window not in foreground
detection: Roblox window not in foreground
detection: Roblox window not in foreground
detection: Roblox window not in foreground
detection: Roblox window not in foreground
detection: Roblox window not in foreground
detection: Roblox window not in foreground
detection: Roblox window not in foreground
detection: Roblox window not in foreground
detection: Roblox window not in foreground
detection: Roblox window not in foreground
detection: Roblox window not in foreground
detection: Roblox window not in foreground
detection: Roblox window not in foreground
detection: Roblox window not in foreground
detection: Roblox window not in foreground
detection: Roblox window not in foreground
detection: Roblox window not in foreground
detection: Roblox window not in foreground
detection: Roblox window not in foreground
detection: Roblox window not in foreground
detection: Roblox window not in foreground
detection: Roblox window not in foreground
detection: Roblox window not in foreground
detection: Roblox window not in foreground
detection: Roblox window not in foreground
detection: Roblox window not in foreground
detection: Roblox window not in foreground
detection: Roblox window not in foreground
detection: Roblox window not in foreground
detection: Roblox window not in foreground
detection: Roblox window not in foreground
detection: Roblox window not in foreground
detection: Roblox window not in foreground
detection: Roblox window not in foreground
detection: Roblox window not in foreground
detection: Roblox window not in foreground
detection: Roblox window not in foreground
detection: Roblox window not in foreground
detection: Roblox window not in foreground
detection: Roblox window not in foreground
detection: Roblox window not in foreground
detection: Roblox window not in foreground
detection: Roblox window not in foreground
detection: Roblox window not in foreground
detection: Roblox window not in foreground
detection: Roblox window not in foreground
detection: Roblox window not in foreground
detection: Roblox window not in foreground
detection: Roblox window not in foreground
detection: Roblox window not in foreground
detection: Roblox window not in foreground
detection: Roblox window not in foreground
detection: Roblox window not in foreground
detection: Roblox window not in foreground
detection: Roblox window not in foreground
detection: Roblox window not in foreground
detection: Roblox window not in foreground
detection: Roblox window not in foreground
detection: Roblox window not in foreground
detection: Roblox window not in foreground
detection: Roblox window not in foreground
detection: Roblox window not in foreground
detection: Roblox window not in foreground
detection: Roblox window not in foreground
detection: Roblox window not in foreground
detection: Roblox window not in foreground
detection: Roblox window not in foreground
detection: Roblox window not in foreground
detection: Roblox window not in foreground
detection: Roblox window not in foreground
detection: Roblox window not in foreground
detection: Roblox window not in foreground
detection: Capturing ROI: x=850, y=458, w=220, h=220
detection: Capturing ROI: x=850, y=458, w=220, h=220
detection: Capturing ROI: x=850, y=458, w=220, h=220
detection: Capturing ROI: x=850, y=458, w=220, h=220
detection: Capturing ROI: x=850, y=458, w=220, h=220
detection: Capturing ROI: x=850, y=458, w=220, h=220
detection: Capturing ROI: x=850, y=458, w=220, h=220
detection: Capturing ROI: x=850, y=458, w=220, h=220
DXScreenCapture::capture: AcquireNextFrame failed, hr=-2005270489
detection: Capturing ROI: x=850, y=458, w=220, h=220
detection: Capturing ROI: x=850, y=458, w=220, h=220
detection: Capturing ROI: x=850, y=458, w=220, h=220
DXScreenCapture::capture: AcquireNextFrame failed, hr=-2005270489
detection: Capturing ROI: x=850, y=458, w=220, h=220
detection: Capturing ROI: x=850, y=458, w=220, h=220
detection: Capturing ROI: x=850, y=458, w=220, h=220
detection: Capturing ROI: x=850, y=458, w=220, h=220
detection: Capturing ROI: x=850, y=458, w=220, h=220
DXScreenCapture::capture: AcquireNextFrame failed, hr=-2005270489
detection: Capturing ROI: x=850, y=458, w=220, h=220
detection: Capturing ROI: x=850, y=458, w=220, h=220
detection: Capturing ROI: x=850, y=458, w=220, h=220
detection: Capturing ROI: x=850, y=458, w=220, h=220
detection: Capturing ROI: x=850, y=458, w=220, h=220
DXScreenCapture::capture: AcquireNextFrame failed, hr=-2005270489
detection: Capturing ROI: x=850, y=458, w=220, h=220
detection: Capturing ROI: x=850, y=458, w=220, h=220
DXScreenCapture::capture: AcquireNextFrame failed, hr=-2005270489
detection: Capturing ROI: x=850, y=458, w=220, h=220
detection: Capturing ROI: x=850, y=458, w=220, h=220
DXScreenCapture::capture: AcquireNextFrame failed, hr=-2005270489
detection: Capturing ROI: x=850, y=458, w=220, h=220
detection: Capturing ROI: x=850, y=458, w=220, h=220
DXScreenCapture::capture: AcquireNextFrame failed, hr=-2005270489
detection: Capturing ROI: x=850, y=458, w=220, h=220
detection: Capturing ROI: x=850, y=458, w=220, h=220
detection: Capturing ROI: x=850, y=458, w=220, h=220
detection: Capturing ROI: x=850, y=458, w=220, h=220
detection: Capturing ROI: x=850, y=458, w=220, h=220
detection: Capturing ROI: x=850, y=458, w=220, h=220
detection: Capturing ROI: x=850, y=458, w=220, h=220
detection: Capturing ROI: x=850, y=458, w=220, h=220
detection: Capturing ROI: x=850, y=458, w=220, h=220
detection: Capturing ROI: x=850, y=458, w=220, h=220
DXScreenCapture::capture: AcquireNextFrame failed, hr=-2005270489
detection: Capturing ROI: x=850, y=458, w=220, h=220
detection: Capturing ROI: x=850, y=458, w=220, h=220
DXScreenCapture::capture: AcquireNextFrame failed, hr=-2005270489
detection: Capturing ROI: x=850, y=458, w=220, h=220
detection: Capturing ROI: x=850, y=458, w=220, h=220
DXScreenCapture::capture: AcquireNextFrame failed, hr=-2005270489
detection: Capturing ROI: x=850, y=458, w=220, h=220
detection: Capturing ROI: x=850, y=458, w=220, h=220
detection: Capturing ROI: x=850, y=458, w=220, h=220
detection: Capturing ROI: x=850, y=458, w=220, h=220
detection: Capturing ROI: x=850, y=458, w=220, h=220
detection: Capturing ROI: x=850, y=458, w=220, h=220
detection: Capturing ROI: x=850, y=458, w=220, h=220
detection: Capturing ROI: x=850, y=458, w=220, h=220
detection: Capturing ROI: x=850, y=458, w=220, h=220
detection: Capturing ROI: x=850, y=458, w=220, h=220
DXScreenCapture::capture: AcquireNextFrame failed, hr=-2005270489
detection: Capturing ROI: x=850, y=458, w=220, h=220
detection: Capturing ROI: x=1052, y=469, w=20, h=20
detection: Capturing ROI: x=1252, y=459, w=22, h=41
DXScreenCapture::capture: AcquireNextFrame failed, hr=-2005270489
detection: Capturing ROI: x=1452, y=458, w=22, h=41
detection: Capturing ROI: x=1654, y=469, w=20, h=20
detection: Capturing ROI: x=1856, y=480, w=20, h=20
DXScreenCapture::capture: AcquireNextFrame failed, hr=-2005270489
detection: Capturing ROI: x=2058, y=491, w=20, h=20
detection: Capturing ROI: x=2260, y=502, w=20, h=20
detection: Capturing ROI: x=2462, y=513, w=20, h=20
detection: Capturing ROI: x=2664, y=524, w=20, h=20
detection: Capturing ROI: x=2866, y=535, w=20, h=20
detection: Capturing ROI: x=3068, y=546, w=20, h=20
detection: Capturing ROI: x=3270, y=557, w=20, h=20
DXScreenCapture::capture: AcquireNextFrame failed, hr=-2005270489
detection: Capturing ROI: x=3472, y=568, w=20, h=20
detection: Capturing ROI: x=3674, y=579, w=20, h=20
DXScreenCapture::capture: AcquireNextFrame failed, hr=-2005270489
detection: Capturing ROI: x=3876, y=590, w=20, h=20
detection: Capturing ROI: x=4078, y=601, w=20, h=20
DXScreenCapture::capture: AcquireNextFrame failed, hr=-2005270489
detection: Capturing ROI: x=4280, y=612, w=20, h=20
detection: Capturing ROI: x=4482, y=623, w=20, h=20
detection: Capturing ROI: x=4684, y=634, w=20, h=20
detection: Capturing ROI: x=4886, y=645, w=20, h=20
detection: Capturing ROI: x=5088, y=656, w=20, h=20
detection: Capturing ROI: x=5290, y=667, w=20, h=20
detection: Capturing ROI: x=5492, y=678, w=20, h=20
detection: Capturing ROI: x=5694, y=689, w=20, h=20
detection: Capturing ROI: x=5896, y=700, w=20, h=20
detection: Capturing ROI: x=6098, y=711, w=20, h=20
detection: Capturing ROI: x=6300, y=722, w=20, h=20
DXScreenCapture::capture: AcquireNextFrame failed, hr=-2005270489
detection: Capturing ROI: x=6502, y=733, w=20, h=20
detection: Capturing ROI: x=6704, y=744, w=20, h=20
DXScreenCapture::capture: AcquireNextFrame failed, hr=-2005270489
detection: Capturing ROI: x=6906, y=755, w=20, h=20
detection: Capturing ROI: x=7108, y=766, w=20, h=20
DXScreenCapture::capture: AcquireNextFrame failed, hr=-2005270489
detection: Capturing ROI: x=7310, y=777, w=20, h=20
detection: Capturing ROI: x=7512, y=788, w=20, h=20
detection: Capturing ROI: x=7714, y=799, w=20, h=20
detection: Capturing ROI: x=7916, y=810, w=20, h=20
detection: Capturing ROI: x=8118, y=821, w=20, h=20
detection: Capturing ROI: x=8320, y=832, w=20, h=20
detection: Capturing ROI: x=8522, y=843, w=20, h=20
detection: Capturing ROI: x=8724, y=854, w=20, h=20
detection: Capturing ROI: x=8926, y=865, w=20, h=20
detection: Capturing ROI: x=9128, y=876, w=20, h=20
DXScreenCapture::capture: AcquireNextFrame failed, hr=-2005270489
detection: Capturing ROI: x=9330, y=887, w=20, h=20
detection: Capturing ROI: x=9532, y=898, w=20, h=20
DXScreenCapture::capture: AcquireNextFrame failed, hr=-2005270489
detection: Capturing ROI: x=9734, y=909, w=20, h=20
detection: Capturing ROI: x=9936, y=920, w=20, h=20
DXScreenCapture::capture: AcquireNextFrame failed, hr=-2005270489
detection: Capturing ROI: x=10138, y=931, w=20, h=20
detection: Capturing ROI: x=10340, y=942, w=20, h=20
detection: Capturing ROI: x=10542, y=953, w=20, h=20
detection: Capturing ROI: x=10744, y=964, w=20, h=20
detection: Capturing ROI: x=10946, y=975, w=20, h=20
detection: Capturing ROI: x=11148, y=986, w=20, h=20
detection: Capturing ROI: x=11350, y=997, w=20, h=20
detection: Capturing ROI: x=11552, y=1008, w=20, h=20
detection: Capturing ROI: x=11754, y=1019, w=20, h=20
detection: Capturing ROI: x=11956, y=1030, w=20, h=20
detection: Capturing ROI: x=12158, y=1041, w=20, h=20
detection: Capturing ROI: x=12360, y=1052, w=20, h=20
detection: Capturing ROI: x=12562, y=1063, w=20, h=20
DXScreenCapture::capture: AcquireNextFrame failed, hr=-2005270489
detection: Capturing ROI: x=12764, y=1074, w=20, h=20
detection: Capturing ROI: x=12966, y=1085, w=20, h=20
detection: Capturing ROI: x=13168, y=1096, w=20, h=20
DXScreenCapture::capture: AcquireNextFrame failed, hr=-2005270489
detection: Capturing ROI: x=13370, y=1107, w=20, h=20
detection: Capturing ROI: x=13572, y=1118, w=20, h=20
detection: Capturing ROI: x=13774, y=1129, w=20, h=20
detection: Capturing ROI: x=13976, y=1140, w=20, h=20
detection: Capturing ROI: x=14178, y=1151, w=20, h=20
detection: Capturing ROI: x=14380, y=1162, w=20, h=20
detection: Capturing ROI: x=14582, y=1173, w=20, h=20
detection: Capturing ROI: x=14784, y=1184, w=20, h=20
detection: Capturing ROI: x=14986, y=1195, w=20, h=20
detection: Capturing ROI: x=15188, y=1206, w=20, h=20
DXScreenCapture::capture: AcquireNextFrame failed, hr=-2005270489
detection: Capturing ROI: x=15390, y=1217, w=20, h=20
detection: Capturing ROI: x=15592, y=1228, w=20, h=20
detection: Capturing ROI: x=15794, y=1239, w=20, h=20
DXScreenCapture::capture: AcquireNextFrame failed, hr=-2005270489
detection: Capturing ROI: x=15996, y=1250, w=20, h=20
detection: Capturing ROI: x=16198, y=1261, w=20, h=20
DXScreenCapture::capture: AcquireNextFrame failed, hr=-2005270489
detection: Capturing ROI: x=16400, y=1272, w=20, h=20
detection: Capturing ROI: x=16602, y=1283, w=20, h=20
detection: Capturing ROI: x=16804, y=1294, w=20, h=20
detection: Capturing ROI: x=17006, y=1305, w=20, h=20
detection: Capturing ROI: x=17208, y=1316, w=20, h=20
detection: Capturing ROI: x=17410, y=1327, w=20, h=20
detection: Capturing ROI: x=17612, y=1338, w=20, h=20
detection: Capturing ROI: x=17814, y=1349, w=20, h=20
detection: Capturing ROI: x=18016, y=1360, w=20, h=20
detection: Capturing ROI: x=18218, y=1371, w=20, h=20
DXScreenCapture::capture: AcquireNextFrame failed, hr=-2005270489
detection: Capturing ROI: x=18420, y=1382, w=20, h=20
detection: Capturing ROI: x=18622, y=1393, w=20, h=20
DXScreenCapture::capture: AcquireNextFrame failed, hr=-2005270489
detection: Capturing ROI: x=18824, y=1404, w=20, h=20
detection: Capturing ROI: x=19026, y=1415, w=20, h=20
detection: Capturing ROI: x=19228, y=1426, w=20, h=20
detection: Capturing ROI: x=19430, y=1437, w=20, h=20
detection: Capturing ROI: x=19632, y=1448, w=20, h=20
detection: Capturing ROI: x=19834, y=1459, w=20, h=20
detection: Capturing ROI: x=20036, y=1470, w=20, h=20
detection: Capturing ROI: x=20238, y=1481, w=20, h=20
detection: Capturing ROI: x=20440, y=1492, w=20, h=20
detection: Capturing ROI: x=20642, y=1503, w=20, h=20
DXScreenCapture::capture: AcquireNextFrame failed, hr=-2005270489
detection: Capturing ROI: x=20844, y=1514, w=20, h=20
detection: Capturing ROI: x=21046, y=1525, w=20, h=20
DXScreenCapture::capture: AcquireNextFrame failed, hr=-2005270489
detection: Capturing ROI: x=21248, y=1536, w=20, h=20
detection: Capturing ROI: x=21450, y=1547, w=20, h=20
detection: Capturing ROI: x=21652, y=1558, w=20, h=20
detection: Capturing ROI: x=21854, y=1569, w=20, h=20
detection: Capturing ROI: x=22056, y=1580, w=20, h=20
detection: Capturing ROI: x=22258, y=1591, w=20, h=20
detection: Capturing ROI: x=22460, y=1602, w=20, h=20
detection: Capturing ROI: x=22662, y=1613, w=20, h=20
detection: Capturing ROI: x=22864, y=1624, w=20, h=20
detection: Capturing ROI: x=23066, y=1635, w=20, h=20
detection: Capturing ROI: x=23268, y=1646, w=20, h=20
DXScreenCapture::capture: AcquireNextFrame failed, hr=-2005270489
detection: Capturing ROI: x=23470, y=1657, w=20, h=20
detection: Capturing ROI: x=23672, y=1668, w=20, h=20
DXScreenCapture::capture: AcquireNextFrame failed, hr=-2005270489
detection: Capturing ROI: x=23874, y=1679, w=20, h=20
detection: Capturing ROI: x=24076, y=1690, w=20, h=20
DXScreenCapture::capture: AcquireNextFrame failed, hr=-2005270489
detection: Capturing ROI: x=24278, y=1701, w=20, h=20
detection: Capturing ROI: x=24480, y=1712, w=20, h=20
DXScreenCapture::capture: AcquireNextFrame failed, hr=-2005270489
detection: Capturing ROI: x=24682, y=1723, w=20, h=20
detection: Capturing ROI: x=24884, y=1734, w=20, h=20
detection: Capturing ROI: x=25086, y=1745, w=20, h=20
detection: Capturing ROI: x=25288, y=1756, w=20, h=20
detection: Capturing ROI: x=25490, y=1767, w=20, h=20
detection: Capturing ROI: x=25692, y=1778, w=20, h=20
detection: Capturing ROI: x=25894, y=1789, w=20, h=20
detection: Capturing ROI: x=26096, y=1800, w=20, h=20
detection: Capturing ROI: x=26298, y=1811, w=20, h=20
DXScreenCapture::capture: AcquireNextFrame failed, hr=-2005270489
detection: Capturing ROI: x=26500, y=1822, w=20, h=20
detection: Capturing ROI: x=26702, y=1833, w=20, h=20
DXScreenCapture::capture: AcquireNextFrame failed, hr=-2005270489
detection: Capturing ROI: x=26904, y=1844, w=20, h=20
detection: Capturing ROI: x=27106, y=1855, w=20, h=20
detection: Capturing ROI: x=27308, y=1866, w=20, h=20
detection: Capturing ROI: x=27510, y=1877, w=20, h=20
detection: Capturing ROI: x=27712, y=1888, w=20, h=20
detection: Capturing ROI: x=27914, y=1899, w=20, h=20
detection: Capturing ROI: x=28116, y=1910, w=20, h=20
detection: Capturing ROI: x=28318, y=1921, w=20, h=20
detection: Capturing ROI: x=28520, y=1932, w=20, h=20
detection: Capturing ROI: x=28722, y=1943, w=20, h=20
detection: Capturing ROI: x=28924, y=1954, w=20, h=20
detection: Capturing ROI: x=29126, y=1965, w=20, h=20
detection: Capturing ROI: x=29328, y=1976, w=20, h=20
DXScreenCapture::capture: AcquireNextFrame failed, hr=-2005270489
detection: Capturing ROI: x=29530, y=1987, w=20, h=20
detection: Capturing ROI: x=29732, y=1998, w=20, h=20
DXScreenCapture::capture: AcquireNextFrame failed, hr=-2005270489
detection: Capturing ROI: x=29934, y=2009, w=20, h=20
detection: Capturing ROI: x=30136, y=2020, w=20, h=20
DXScreenCapture::capture: AcquireNextFrame failed, hr=-2005270489
detection: Capturing ROI: x=30338, y=2031, w=20, h=20
detection: Capturing ROI: x=30540, y=2042, w=20, h=20
detection: Capturing ROI: x=30742, y=2053, w=20, h=20
detection: Capturing ROI: x=30944, y=2064, w=20, h=20
detection: Capturing ROI: x=31146, y=2075, w=20, h=20
detection: Capturing ROI: x=31348, y=2086, w=20, h=20
detection: Capturing ROI: x=31550, y=2097, w=20, h=20
detection: Capturing ROI: x=31752, y=2108, w=20, h=20
detection: Capturing ROI: x=31954, y=2119, w=20, h=20
detection: Capturing ROI: x=32156, y=2130, w=20, h=20
DXScreenCapture::capture: AcquireNextFrame failed, hr=-2005270489
detection: Capturing ROI: x=32358, y=2141, w=20, h=20
detection: Capturing ROI: x=32560, y=2152, w=20, h=20
DXScreenCapture::capture: AcquireNextFrame failed, hr=-2005270489
detection: Capturing ROI: x=32762, y=2163, w=20, h=20
detection: Capturing ROI: x=32964, y=2174, w=20, h=20
DXScreenCapture::capture: AcquireNextFrame failed, hr=-2005270489
detection: Capturing ROI: x=33166, y=2185, w=20, h=20
detection: Capturing ROI: x=33368, y=2196, w=20, h=20
detection: Capturing ROI: x=33570, y=2207, w=20, h=20
detection: Capturing ROI: x=33772, y=2218, w=20, h=20
detection: Capturing ROI: x=33974, y=2229, w=20, h=20
detection: Capturing ROI: x=34176, y=2240, w=20, h=20
detection: Capturing ROI: x=34378, y=2251, w=20, h=20
detection: Capturing ROI: x=34580, y=2262, w=20, h=20
detection: Capturing ROI: x=34782, y=2273, w=20, h=20
detection: Capturing ROI: x=34984, y=2284, w=20, h=20
detection: Capturing ROI: x=35186, y=2295, w=20, h=20
DXScreenCapture::capture: AcquireNextFrame failed, hr=-2005270489
detection: Capturing ROI: x=35388, y=2306, w=20, h=20
detection: Capturing ROI: x=35590, y=2317, w=20, h=20
DXScreenCapture::capture: AcquireNextFrame failed, hr=-2005270489
detection: Capturing ROI: x=35792, y=2328, w=20, h=20
detection: Capturing ROI: x=35994, y=2339, w=20, h=20
detection: Capturing ROI: x=36196, y=2350, w=20, h=20
detection: Capturing ROI: x=36398, y=2361, w=20, h=20
detection: Capturing ROI: x=36600, y=2372, w=20, h=20
detection: Capturing ROI: x=36802, y=2383, w=20, h=20
detection: Capturing ROI: x=37004, y=2394, w=20, h=20
detection: Capturing ROI: x=37206, y=2405, w=20, h=20
detection: Capturing ROI: x=37408, y=2416, w=20, h=20
detection: Capturing ROI: x=37610, y=2427, w=20, h=20
detection: Capturing ROI: x=37812, y=2438, w=20, h=20
detection: Capturing ROI: x=38014, y=2449, w=20, h=20
DXScreenCapture::capture: AcquireNextFrame failed, hr=-2005270489
detection: Capturing ROI: x=38216, y=2460, w=20, h=20
detection: Capturing ROI: x=38418, y=2471, w=20, h=20
detection: Capturing ROI: x=38620, y=2482, w=20, h=20
detection: Capturing ROI: x=38822, y=2493, w=20, h=20
DXScreenCapture::capture: AcquireNextFrame failed, hr=-2005270489
detection: Capturing ROI: x=39024, y=2504, w=20, h=20
detection: Capturing ROI: x=39226, y=2515, w=20, h=20
detection: Capturing ROI: x=39428, y=2526, w=20, h=20
detection: Capturing ROI: x=39630, y=2537, w=20, h=20
detection: Capturing ROI: x=39832, y=2548, w=20, h=20
detection: Capturing ROI: x=40034, y=2559, w=20, h=20
detection: Capturing ROI: x=40236, y=2570, w=20, h=20
detection: Capturing ROI: x=40438, y=2581, w=20, h=20
detection: Capturing ROI: x=40640, y=2592, w=20, h=20
DXScreenCapture::capture: AcquireNextFrame failed, hr=-2005270489
detection: Capturing ROI: x=40842, y=2603, w=20, h=20
detection: Capturing ROI: x=41044, y=2614, w=20, h=20
DXScreenCapture::capture: AcquireNextFrame failed, hr=-2005270489
detection: Capturing ROI: x=41246, y=2625, w=20, h=20
detection: Capturing ROI: x=41448, y=2636, w=20, h=20
DXScreenCapture::capture: AcquireNextFrame failed, hr=-2005270489
detection: Capturing ROI: x=41650, y=2647, w=20, h=20
detection: Capturing ROI: x=41852, y=2658, w=20, h=20
detection: Capturing ROI: x=42054, y=2669, w=20, h=20
detection: Capturing ROI: x=42256, y=2680, w=20, h=20
detection: Capturing ROI: x=42458, y=2691, w=20, h=20
detection: Capturing ROI: x=42660, y=2702, w=20, h=20
detection: Capturing ROI: x=42862, y=2713, w=20, h=20
detection: Capturing ROI: x=43064, y=2724, w=20, h=20
detection: Capturing ROI: x=43266, y=2735, w=20, h=20
detection: Capturing ROI: x=43468, y=2746, w=20, h=20
DXScreenCapture::capture: AcquireNextFrame failed, hr=-2005270489
detection: Capturing ROI: x=43670, y=2757, w=20, h=20
detection: Capturing ROI: x=43872, y=2768, w=20, h=20
detection: Capturing ROI: x=44074, y=2779, w=20, h=20
detection: Capturing ROI: x=44276, y=2790, w=20, h=20
DXScreenCapture::capture: AcquireNextFrame failed, hr=-2005270489
detection: Capturing ROI: x=44478, y=2801, w=20, h=20
detection: Capturing ROI: x=44680, y=2812, w=20, h=20
detection: Capturing ROI: x=44882, y=2823, w=20, h=20
detection: Capturing ROI: x=45084, y=2834, w=20, h=20
detection: Capturing ROI: x=45286, y=2845, w=20, h=20
detection: Capturing ROI: x=45488, y=2856, w=20, h=20
detection: Capturing ROI: x=45690, y=2867, w=20, h=20
detection: Capturing ROI: x=45892, y=2878, w=20, h=20
detection: Capturing ROI: x=46094, y=2889, w=20, h=20
detection: Capturing ROI: x=46296, y=2900, w=20, h=20
DXScreenCapture::capture: AcquireNextFrame failed, hr=-2005270489
detection: Capturing ROI: x=46498, y=2911, w=20, h=20
detection: Capturing ROI: x=46700, y=2922, w=20, h=20
DXScreenCapture::capture: AcquireNextFrame failed, hr=-2005270489
detection: Capturing ROI: x=46902, y=2933, w=20, h=20
detection: Capturing ROI: x=47104, y=2944, w=20, h=20
DXScreenCapture::capture: AcquireNextFrame failed, hr=-2005270489
detection: Capturing ROI: x=47306, y=2955, w=20, h=20
detection: Capturing ROI: x=47508, y=2966, w=20, h=20
detection: Capturing ROI: x=47710, y=2977, w=20, h=20
detection: Capturing ROI: x=47912, y=2988, w=20, h=20
detection: Capturing ROI: x=48114, y=2999, w=20, h=20
detection: Capturing ROI: x=48316, y=3010, w=20, h=20
detection: Capturing ROI: x=48518, y=3021, w=20, h=20
detection: Capturing ROI: x=48720, y=3032, w=20, h=20
detection: Capturing ROI: x=48922, y=3043, w=20, h=20
detection: Capturing ROI: x=49124, y=3054, w=20, h=20
detection: Capturing ROI: x=49326, y=3065, w=20, h=20
detection: Capturing ROI: x=49528, y=3076, w=20, h=20
detection: Capturing ROI: x=49730, y=3087, w=20, h=20
DXScreenCapture::capture: AcquireNextFrame failed, hr=-2005270489
detection: Capturing ROI: x=49932, y=3098, w=20, h=20
detection: Capturing ROI: x=50134, y=3109, w=20, h=20
DXScreenCapture::capture: AcquireNextFrame failed, hr=-2005270489
detection: Capturing ROI: x=50336, y=3120, w=20, h=20
detection: Capturing ROI: x=50538, y=3131, w=20, h=20
detection: Capturing ROI: x=50740, y=3142, w=20, h=20
detection: Capturing ROI: x=50942, y=3153, w=20, h=20
detection: Capturing ROI: x=51144, y=3164, w=20, h=20
detection: Capturing ROI: x=51346, y=3175, w=20, h=20
detection: Capturing ROI: x=51548, y=3186, w=20, h=20
detection: Capturing ROI: x=51750, y=3197, w=20, h=20
detection: Capturing ROI: x=51952, y=3208, w=20, h=20
detection: Capturing ROI: x=52154, y=3219, w=20, h=20
detection: Capturing ROI: x=52356, y=3230, w=20, h=20
DXScreenCapture::capture: AcquireNextFrame failed, hr=-2005270489
detection: Capturing ROI: x=52558, y=3241, w=20, h=20
detection: Capturing ROI: x=52760, y=3252, w=20, h=20
detection: Capturing ROI: x=52962, y=3263, w=20, h=20
detection: Capturing ROI: x=53164, y=3274, w=20, h=20
detection: Capturing ROI: x=53366, y=3285, w=20, h=20
detection: Capturing ROI: x=53568, y=3296, w=20, h=20
detection: Capturing ROI: x=53770, y=3307, w=20, h=20
detection: Capturing ROI: x=53972, y=3318, w=20, h=20
detection: Capturing ROI: x=54174, y=3329, w=20, h=20
detection: Capturing ROI: x=54376, y=3340, w=20, h=20
detection: Capturing ROI: x=54578, y=3351, w=20, h=20
detection: Capturing ROI: x=54780, y=3362, w=20, h=20
detection: Capturing ROI: x=54982, y=3373, w=20, h=20
detection: Capturing ROI: x=55184, y=3384, w=20, h=20
DXScreenCapture::capture: AcquireNextFrame failed, hr=-2005270489
detection: Capturing ROI: x=55386, y=3395, w=20, h=20
detection: Capturing ROI: x=55588, y=3406, w=20, h=20
detection: Capturing ROI: x=55790, y=3417, w=20, h=20
detection: Capturing ROI: x=55992, y=3428, w=20, h=20
detection: Capturing ROI: x=56194, y=3439, w=20, h=20
detection: Capturing ROI: x=56396, y=3450, w=20, h=20
detection: Capturing ROI: x=56598, y=3461, w=20, h=20
detection: Capturing ROI: x=56800, y=3472, w=20, h=20
detection: Capturing ROI: x=57002, y=3483, w=20, h=20
detection: Capturing ROI: x=57204, y=3494, w=20, h=20
detection: Capturing ROI: x=57406, y=3505, w=20, h=20
detection: Capturing ROI: x=57608, y=3516, w=20, h=20
detection: Capturing ROI: x=57810, y=3527, w=20, h=20
DXScreenCapture::capture: AcquireNextFrame failed, hr=-2005270489
detection: Capturing ROI: x=58012, y=3538, w=20, h=20
detection: Capturing ROI: x=58214, y=3549, w=20, h=20
DXScreenCapture::capture: AcquireNextFrame failed, hr=-2005270489
detection: Capturing ROI: x=58416, y=3560, w=20, h=20
detection: Capturing ROI: x=58618, y=3571, w=20, h=20
detection: Capturing ROI: x=58820, y=3582, w=20, h=20
detection: Capturing ROI: x=59022, y=3593, w=20, h=20
detection: Capturing ROI: x=59224, y=3604, w=20, h=20
detection: Capturing ROI: x=59426, y=3615, w=20, h=20
detection: Capturing ROI: x=59628, y=3626, w=20, h=20
detection: Capturing ROI: x=59830, y=3637, w=20, h=20
detection: Capturing ROI: x=60032, y=3648, w=20, h=20
detection: Capturing ROI: x=60234, y=3659, w=20, h=20
detection: Capturing ROI: x=60436, y=3670, w=20, h=20
detection: Capturing ROI: x=60638, y=3681, w=20, h=20
DXScreenCapture::capture: AcquireNextFrame failed, hr=-2005270489
detection: Capturing ROI: x=60840, y=3692, w=20, h=20
detection: Capturing ROI: x=61042, y=3703, w=20, h=20
detection: Capturing ROI: x=61244, y=3714, w=20, h=20
detection: Capturing ROI: x=61446, y=3725, w=20, h=20
detection: Capturing ROI: x=61648, y=3736, w=20, h=20
detection: Capturing ROI: x=61850, y=3747, w=20, h=20
detection: Capturing ROI: x=62052, y=3758, w=20, h=20
detection: Capturing ROI: x=62254, y=3769, w=20, h=20
detection: Capturing ROI: x=62456, y=3780, w=20, h=20
detection: Capturing ROI: x=62658, y=3791, w=20, h=20
detection: Capturing ROI: x=62860, y=3802, w=20, h=20
detection: Capturing ROI: x=63062, y=3813, w=20, h=20
detection: Capturing ROI: x=63264, y=3824, w=20, h=20
detection: Capturing ROI: x=63466, y=3835, w=20, h=20
detection: Capturing ROI: x=63668, y=3846, w=20, h=20
DXScreenCapture::capture: AcquireNextFrame failed, hr=-2005270489
detection: Capturing ROI: x=63870, y=3857, w=20, h=20
detection: Capturing ROI: x=64072, y=3868, w=20, h=20
DXScreenCapture::capture: AcquireNextFrame failed, hr=-2005270489
detection: Capturing ROI: x=64274, y=3879, w=20, h=20
detection: Capturing ROI: x=64476, y=3890, w=20, h=20
DXScreenCapture::capture: AcquireNextFrame failed, hr=-2005270489
detection: Capturing ROI: x=64678, y=3901, w=20, h=20
detection: Capturing ROI: x=64880, y=3912, w=20, h=20
detection: Capturing ROI: x=65082, y=3923, w=20, h=20
detection: Capturing ROI: x=65284, y=3934, w=20, h=20
detection: Capturing ROI: x=65486, y=3945, w=20, h=20
detection: Capturing ROI: x=65688, y=3956, w=20, h=20
detection: Capturing ROI: x=65890, y=3967, w=20, h=20
detection: Capturing ROI: x=66092, y=3978, w=20, h=20
detection: Capturing ROI: x=66294, y=3989, w=20, h=20
detection: Capturing ROI: x=66496, y=4000, w=20, h=20
detection: Capturing ROI: x=66698, y=4011, w=20, h=20
DXScreenCapture::capture: AcquireNextFrame failed, hr=-2005270489
detection: Capturing ROI: x=66900, y=4022, w=20, h=20
detection: Capturing ROI: x=67102, y=4033, w=20, h=20
DXScreenCapture::capture: AcquireNextFrame failed, hr=-2005270489
detection: Capturing ROI: x=67304, y=4044, w=20, h=20
detection: Capturing ROI: x=67506, y=4055, w=20, h=20
detection: Capturing ROI: x=67708, y=4066, w=20, h=20
DXScreenCapture::capture: AcquireNextFrame failed, hr=-2005270489
detection: Capturing ROI: x=67910, y=4077, w=20, h=20
detection: Capturing ROI: x=68112, y=4088, w=20, h=20
detection: Capturing ROI: x=68314, y=4099, w=20, h=20
detection: Capturing ROI: x=68516, y=4110, w=20, h=20
detection: Capturing ROI: x=68718, y=4121, w=20, h=20
detection: Capturing ROI: x=68920, y=4132, w=20, h=20
detection: Capturing ROI: x=69122, y=4143, w=20, h=20
detection: Capturing ROI: x=69324, y=4154, w=20, h=20
detection: Capturing ROI: x=69526, y=4165, w=20, h=20
detection: Capturing ROI: x=69728, y=4176, w=20, h=20
DXScreenCapture::capture: AcquireNextFrame failed, hr=-2005270489
detection: Capturing ROI: x=69930, y=4187, w=20, h=20
detection: Capturing ROI: x=70132, y=4198, w=20, h=20
DXScreenCapture::capture: AcquireNextFrame failed, hr=-2005270489
detection: Capturing ROI: x=70334, y=4209, w=20, h=20
detection: Capturing ROI: x=70536, y=4220, w=20, h=20
detection: Capturing ROI: x=70738, y=4231, w=20, h=20
detection: Capturing ROI: x=70940, y=4242, w=20, h=20
detection: Capturing ROI: x=71142, y=4253, w=20, h=20
detection: Capturing ROI: x=71344, y=4264, w=20, h=20
detection: Capturing ROI: x=71546, y=4275, w=20, h=20
detection: Capturing ROI: x=71748, y=4286, w=20, h=20
detection: Capturing ROI: x=71950, y=4297, w=20, h=20
detection: Capturing ROI: x=72152, y=4308, w=20, h=20
detection: Capturing ROI: x=72354, y=4319, w=20, h=20
detection: Capturing ROI: x=72556, y=4330, w=20, h=20
DXScreenCapture::capture: AcquireNextFrame failed, hr=-2005270489
detection: Capturing ROI: x=72758, y=4341, w=20, h=20
detection: Capturing ROI: x=72960, y=4352, w=20, h=20
DXScreenCapture::capture: AcquireNextFrame failed, hr=-2005270489
detection: Capturing ROI: x=73162, y=4363, w=20, h=20
detection: Capturing ROI: x=73364, y=4374, w=20, h=20
detection: Capturing ROI: x=73566, y=4385, w=20, h=20
detection: Capturing ROI: x=73768, y=4396, w=20, h=20
detection: Capturing ROI: x=73970, y=4407, w=20, h=20
detection: Capturing ROI: x=74172, y=4418, w=20, h=20
detection: Capturing ROI: x=74374, y=4429, w=20, h=20
detection: Capturing ROI: x=74576, y=4440, w=20, h=20
detection: Capturing ROI: x=74778, y=4451, w=20, h=20
detection: Capturing ROI: x=74980, y=4462, w=20, h=20
detection: Capturing ROI: x=75182, y=4473, w=20, h=20
detection: Capturing ROI: x=75384, y=4484, w=20, h=20
detection: Capturing ROI: x=75586, y=4495, w=20, h=20
DXScreenCapture::capture: AcquireNextFrame failed, hr=-2005270489
detection: Capturing ROI: x=75788, y=4506, w=20, h=20
detection: Capturing ROI: x=75990, y=4517, w=20, h=20
DXScreenCapture::capture: AcquireNextFrame failed, hr=-2005270489
detection: Capturing ROI: x=76192, y=4528, w=20, h=20
detection: Capturing ROI: x=76394, y=4539, w=20, h=20
detection: Capturing ROI: x=76596, y=4550, w=20, h=20
detection: Capturing ROI: x=76798, y=4561, w=20, h=20
detection: Capturing ROI: x=77000, y=4572, w=20, h=20
detection: Capturing ROI: x=77202, y=4583, w=20, h=20
detection: Capturing ROI: x=77404, y=4594, w=20, h=20
detection: Capturing ROI: x=77606, y=4605, w=20, h=20
detection: Capturing ROI: x=77808, y=4616, w=20, h=20
detection: Capturing ROI: x=78010, y=4627, w=20, h=20
detection: Capturing ROI: x=78212, y=4638, w=20, h=20
detection: Capturing ROI: x=78414, y=4649, w=20, h=20
detection: Capturing ROI: x=78616, y=4660, w=20, h=20
DXScreenCapture::capture: AcquireNextFrame failed, hr=-2005270489
detection: Capturing ROI: x=78818, y=4671, w=20, h=20
detection: Capturing ROI: x=79020, y=4682, w=20, h=20
DXScreenCapture::capture: AcquireNextFrame failed, hr=-2005270489
detection: Capturing ROI: x=79222, y=4693, w=20, h=20
detection: Capturing ROI: x=79424, y=4704, w=20, h=20
DXScreenCapture::capture: AcquireNextFrame failed, hr=-2005270489
detection: Capturing ROI: x=79626, y=4715, w=20, h=20
detection: Capturing ROI: x=79828, y=4726, w=20, h=20
detection: Capturing ROI: x=80030, y=4737, w=20, h=20
detection: Capturing ROI: x=80232, y=4748, w=20, h=20
detection: Capturing ROI: x=80434, y=4759, w=20, h=20
detection: Capturing ROI: x=80636, y=4770, w=20, h=20
detection: Capturing ROI: x=80838, y=4781, w=20, h=20
detection: Capturing ROI: x=81040, y=4792, w=20, h=20
detection: Capturing ROI: x=81242, y=4803, w=20, h=20
DXScreenCapture::capture: AcquireNextFrame failed, hr=-2005270489
detection: Capturing ROI: x=81444, y=4814, w=20, h=20
detection: Capturing ROI: x=81646, y=4825, w=20, h=20
DXScreenCapture::capture: AcquireNextFrame failed, hr=-2005270489
detection: Capturing ROI: x=81848, y=4836, w=20, h=20
detection: Capturing ROI: x=82050, y=4847, w=20, h=20
DXScreenCapture::capture: AcquireNextFrame failed, hr=-2005270489
detection: Capturing ROI: x=82252, y=4858, w=20, h=20
detection: Capturing ROI: x=82454, y=4869, w=20, h=20
detection: Capturing ROI: x=82656, y=4880, w=20, h=20
detection: Capturing ROI: x=82858, y=4891, w=20, h=20
detection: Capturing ROI: x=83060, y=4902, w=20, h=20
detection: Capturing ROI: x=83262, y=4913, w=20, h=20
detection: Capturing ROI: x=83464, y=4924, w=20, h=20
detection: Capturing ROI: x=83666, y=4935, w=20, h=20
detection: Capturing ROI: x=83868, y=4946, w=20, h=20
detection: Capturing ROI: x=84070, y=4957, w=20, h=20
detection: Capturing ROI: x=84272, y=4968, w=20, h=20
detection: Capturing ROI: x=84474, y=4979, w=20, h=20
DXScreenCapture::capture: AcquireNextFrame failed, hr=-2005270489
detection: Capturing ROI: x=84676, y=4990, w=20, h=20
detection: Capturing ROI: x=84878, y=5001, w=20, h=20
detection: Capturing ROI: x=85080, y=5012, w=20, h=20
detection: Capturing ROI: x=85282, y=5023, w=20, h=20
detection: Capturing ROI: x=85484, y=5034, w=20, h=20
detection: Capturing ROI: x=85686, y=5045, w=20, h=20
detection: Capturing ROI: x=85888, y=5056, w=20, h=20
detection: Capturing ROI: x=86090, y=5067, w=20, h=20
detection: Capturing ROI: x=86292, y=5078, w=20, h=20
detection: Capturing ROI: x=86494, y=5089, w=20, h=20
detection: Capturing ROI: x=86696, y=5100, w=20, h=20
detection: Capturing ROI: x=86898, y=5111, w=20, h=20
detection: Capturing ROI: x=87100, y=5122, w=20, h=20
detection: Capturing ROI: x=87302, y=5133, w=20, h=20
detection: Capturing ROI: x=87504, y=5144, w=20, h=20
detection: Capturing ROI: x=87706, y=5155, w=20, h=20
DXScreenCapture::capture: AcquireNextFrame failed, hr=-2005270489
detection: Capturing ROI: x=87908, y=5166, w=20, h=20
detection: Capturing ROI: x=88110, y=5177, w=20, h=20
detection: Capturing ROI: x=88312, y=5188, w=20, h=20
detection: Capturing ROI: x=88514, y=5199, w=20, h=20
detection: Capturing ROI: x=88716, y=5210, w=20, h=20
detection: Capturing ROI: x=88918, y=5221, w=20, h=20
detection: Capturing ROI: x=89120, y=5232, w=20, h=20
DXScreenCapture::capture: AcquireNextFrame failed, hr=-2005270489
detection: Capturing ROI: x=89322, y=5243, w=20, h=20
detection: Capturing ROI: x=89524, y=5254, w=20, h=20
DXScreenCapture::capture: AcquireNextFrame failed, hr=-2005270489
detection: Capturing ROI: x=89726, y=5265, w=20, h=20
detection: Capturing ROI: x=89928, y=5276, w=20, h=20
DXScreenCapture::capture: AcquireNextFrame failed, hr=-2005270489
detection: Capturing ROI: x=90130, y=5287, w=20, h=20
detection: Capturing ROI: x=90332, y=5298, w=20, h=20
DXScreenCapture::capture: AcquireNextFrame failed, hr=-2005270489
detection: Capturing ROI: x=90534, y=5309, w=20, h=20
detection: Capturing ROI: x=90736, y=5320, w=20, h=20
detection: Capturing ROI: x=90938, y=5331, w=20, h=20
detection: Capturing ROI: x=91140, y=5342, w=20, h=20
detection: Capturing ROI: x=91342, y=5353, w=20, h=20
detection: Capturing ROI: x=91544, y=5364, w=20, h=20
detection: Capturing ROI: x=91746, y=5375, w=20, h=20
detection: Capturing ROI: x=91948, y=5386, w=20, h=20
DXScreenCapture::capture: AcquireNextFrame failed, hr=-2005270489
detection: Capturing ROI: x=92150, y=5397, w=20, h=20
detection: Capturing ROI: x=92352, y=5408, w=20, h=20
DXScreenCapture::capture: AcquireNextFrame failed, hr=-2005270489
detection: Capturing ROI: x=92554, y=5419, w=20, h=20
detection: Capturing ROI: x=92756, y=5430, w=20, h=20
DXScreenCapture::capture: AcquireNextFrame failed, hr=-2005270489
detection: Capturing ROI: x=92958, y=5441, w=20, h=20
detection: Capturing ROI: x=93160, y=5452, w=20, h=20
DXScreenCapture::capture: AcquireNextFrame failed, hr=-2005270489
detection: Capturing ROI: x=93362, y=5463, w=20, h=20
detection: Capturing ROI: x=93564, y=5474, w=20, h=20
detection: Capturing ROI: x=93766, y=5485, w=20, h=20
detection: Capturing ROI: x=93968, y=5496, w=20, h=20
detection: Capturing ROI: x=94170, y=5507, w=20, h=20
detection: Capturing ROI: x=94372, y=5518, w=20, h=20
detection: Capturing ROI: x=94574, y=5529, w=20, h=20
detection: Capturing ROI: x=94776, y=5540, w=20, h=20
detection: Capturing ROI: x=94978, y=5551, w=20, h=20
DXScreenCapture::capture: AcquireNextFrame failed, hr=-2005270489
detection: Capturing ROI: x=95180, y=5562, w=20, h=20
detection: Capturing ROI: x=95382, y=5573, w=20, h=20
DXScreenCapture::capture: AcquireNextFrame failed, hr=-2005270489
detection: Capturing ROI: x=95584, y=5584, w=20, h=20
detection: Capturing ROI: x=95786, y=5595, w=20, h=20
DXScreenCapture::capture: AcquireNextFrame failed, hr=-2005270489
detection: Capturing ROI: x=95988, y=5606, w=20, h=20
detection: Capturing ROI: x=96190, y=5617, w=20, h=20
DXScreenCapture::capture: AcquireNextFrame failed, hr=-2005270489
detection: Capturing ROI: x=96392, y=5628, w=20, h=20
detection: Roblox window not in foreground
detection: Roblox window not in foreground
detection: Roblox window not in foreground
detection: Roblox window not in foreground
detection: Roblox window not in foreground
detection: Roblox window not in foreground
detection: Roblox window not in foreground
detection: Roblox window not in foreground
detection: Roblox window not in foreground
detection: Roblox window not in foreground
detection: Roblox window not in foreground
detection: Roblox window not in foreground
detection: Roblox window not in foreground
detection: Roblox window not in foreground
detection: Roblox window not in foreground
detection: Roblox window not in foreground
DXScreenCapture::~DXScreenCapture: Cleaning up DXScreenCapture
detection: Roblox window changed, resetting capture
detection: Roblox window not in foreground
detection: Roblox window not in foreground
detection: Roblox window not in foreground
detection: Roblox window not in foreground
detection: Roblox window not in foreground
detection: Roblox window not in foreground
detection: Roblox window not in foreground
detection: Roblox window not in foreground
detection: Roblox window not in foreground
DXScreenCapture::DXScreenCapture: DXScreenCapture initialized successfully
detection: Capturing ROI: x=850, y=458, w=220, h=220
detection: Capturing ROI: x=850, y=458, w=220, h=220
detection: Capturing ROI: x=850, y=458, w=220, h=220
detection: Capturing ROI: x=850, y=458, w=220, h=220
detection: Capturing ROI: x=850, y=458, w=220, h=220
DXScreenCapture::capture: AcquireNextFrame failed, hr=-2005270489
detection: Capturing ROI: x=850, y=458, w=220, h=220
detection: Capturing ROI: x=850, y=458, w=220, h=220
detection: Capturing ROI: x=850, y=458, w=220, h=220
detection: Capturing ROI: x=850, y=458, w=220, h=220
detection: Capturing ROI: x=850, y=458, w=220, h=220
detection: Capturing ROI: x=850, y=458, w=220, h=220
detection: Capturing ROI: x=850, y=458, w=220, h=220
DXScreenCapture::capture: AcquireNextFrame failed, hr=-2005270489
detection: Capturing ROI: x=850, y=458, w=220, h=220
detection: Capturing ROI: x=850, y=458, w=220, h=220
detection: Capturing ROI: x=850, y=458, w=220, h=220
detection: Capturing ROI: x=850, y=458, w=220, h=220
detection: Capturing ROI: x=850, y=458, w=220, h=220
detection: Capturing ROI: x=850, y=458, w=220, h=220
detection: Capturing ROI: x=850, y=458, w=220, h=220
detection: Capturing ROI: x=850, y=458, w=220, h=220
DXScreenCapture::capture: AcquireNextFrame failed, hr=-2005270489
detection: Capturing ROI: x=850, y=458, w=220, h=220
detection: Capturing ROI: x=850, y=458, w=220, h=220
DXScreenCapture::capture: AcquireNextFrame failed, hr=-2005270489
detection: Capturing ROI: x=850, y=458, w=220, h=220
detection: Capturing ROI: x=850, y=458, w=220, h=220
DXScreenCapture::capture: AcquireNextFrame failed, hr=-2005270489
detection: Capturing ROI: x=850, y=458, w=220, h=220
detection: Capturing ROI: x=850, y=458, w=220, h=220
detection: Capturing ROI: x=850, y=458, w=220, h=220
detection: Capturing ROI: x=850, y=458, w=220, h=220
detection: Capturing ROI: x=850, y=458, w=220, h=220
detection: Capturing ROI: x=850, y=458, w=220, h=220
detection: Capturing ROI: x=850, y=458, w=220, h=220
detection: Capturing ROI: x=850, y=458, w=220, h=220
detection: Capturing ROI: x=850, y=458, w=220, h=220
DXScreenCapture::capture: AcquireNextFrame failed, hr=-2005270489
detection: Capturing ROI: x=850, y=458, w=220, h=220
detection: Capturing ROI: x=850, y=458, w=220, h=220
DXScreenCapture::capture: AcquireNextFrame failed, hr=-2005270489
detection: Capturing ROI: x=850, y=458, w=220, h=220
detection: Capturing ROI: x=850, y=458, w=220, h=220
detection: Capturing ROI: x=850, y=458, w=220, h=220
DXScreenCapture::capture: AcquireNextFrame failed, hr=-2005270489
detection: Capturing ROI: x=850, y=458, w=220, h=220
detection: Capturing ROI: x=850, y=458, w=220, h=220
DXScreenCapture::capture: AcquireNextFrame failed, hr=-2005270489
detection: Capturing ROI: x=850, y=458, w=220, h=220
detection: Capturing ROI: x=850, y=458, w=220, h=220
detection: Capturing ROI: x=850, y=458, w=220, h=220
detection: Capturing ROI: x=850, y=458, w=220, h=220
detection: Capturing ROI: x=850, y=458, w=220, h=220
detection: Capturing ROI: x=850, y=458, w=220, h=220
DXScreenCapture::capture: AcquireNextFrame failed, hr=-2005270489
detection: Capturing ROI: x=850, y=458, w=220, h=220
detection: Capturing ROI: x=850, y=458, w=220, h=220
DXScreenCapture::capture: AcquireNextFrame failed, hr=-2005270489
detection: Capturing ROI: x=850, y=458, w=220, h=220
detection: Capturing ROI: x=850, y=458, w=220, h=220
DXScreenCapture::capture: AcquireNextFrame failed, hr=-2005270489
detection: Capturing ROI: x=850, y=458, w=220, h=220
detection: Capturing ROI: x=850, y=458, w=220, h=220
DXScreenCapture::capture: AcquireNextFrame failed, hr=-2005270489
detection: Capturing ROI: x=850, y=458, w=220, h=220
detection: Capturing ROI: x=850, y=458, w=220, h=220
detection: Capturing ROI: x=850, y=458, w=220, h=220
detection: Capturing ROI: x=850, y=458, w=220, h=220
detection: Capturing ROI: x=850, y=458, w=220, h=220
detection: Capturing ROI: x=850, y=458, w=220, h=220
detection: Capturing ROI: x=850, y=458, w=220, h=220
detection: Capturing ROI: x=850, y=458, w=220, h=220
detection: Capturing ROI: x=850, y=458, w=220, h=220
DXScreenCapture::capture: AcquireNextFrame failed, hr=-2005270489
detection: Capturing ROI: x=850, y=458, w=220, h=220
detection: Capturing ROI: x=850, y=458, w=220, h=220
DXScreenCapture::capture: AcquireNextFrame failed, hr=-2005270489
detection: Capturing ROI: x=850, y=458, w=220, h=220
detection: Capturing ROI: x=850, y=458, w=220, h=220
DXScreenCapture::capture: AcquireNextFrame failed, hr=-2005270489
detection: Capturing ROI: x=850, y=458, w=220, h=220
detection: Capturing ROI: x=850, y=458, w=220, h=220
detection: Capturing ROI: x=850, y=458, w=220, h=220
detection: Capturing ROI: x=850, y=458, w=220, h=220
detection: Capturing ROI: x=850, y=458, w=220, h=220
detection: Capturing ROI: x=850, y=458, w=220, h=220
detection: Capturing ROI: x=850, y=458, w=220, h=220
detection: Capturing ROI: x=850, y=458, w=220, h=220
detection: Capturing ROI: x=850, y=458, w=220, h=220
detection: Capturing ROI: x=850, y=458, w=220, h=220
DXScreenCapture::capture: AcquireNextFrame failed, hr=-2005270489
detection: Capturing ROI: x=850, y=458, w=220, h=220
detection: Capturing ROI: x=850, y=458, w=220, h=220
DXScreenCapture::capture: AcquireNextFrame failed, hr=-2005270489
detection: Capturing ROI: x=850, y=458, w=220, h=220
detection: Capturing ROI: x=850, y=458, w=220, h=220
DXScreenCapture::capture: AcquireNextFrame failed, hr=-2005270489
detection: Capturing ROI: x=850, y=458, w=220, h=220
detection: Capturing ROI: x=850, y=458, w=220, h=220
detection: Capturing ROI: x=850, y=458, w=220, h=220
detection: Capturing ROI: x=850, y=458, w=220, h=220
detection: Capturing ROI: x=850, y=458, w=220, h=220
detection: Capturing ROI: x=850, y=458, w=220, h=220
detection: Capturing ROI: x=850, y=458, w=220, h=220
detection: Capturing ROI: x=850, y=458, w=220, h=220
detection: Capturing ROI: x=850, y=458, w=220, h=220
DXScreenCapture::capture: AcquireNextFrame failed, hr=-2005270489
detection: Capturing ROI: x=850, y=458, w=220, h=220
detection: Capturing ROI: x=850, y=458, w=220, h=220
DXScreenCapture::capture: AcquireNextFrame failed, hr=-2005270489
detection: Capturing ROI: x=850, y=458, w=220, h=220
detection: Capturing ROI: x=850, y=458, w=220, h=220
DXScreenCapture::capture: AcquireNextFrame failed, hr=-2005270489
detection: Capturing ROI: x=850, y=458, w=220, h=220
detection: Capturing ROI: x=850, y=458, w=220, h=220
DXScreenCapture::capture: AcquireNextFrame failed, hr=-2005270489
detection: Capturing ROI: x=850, y=458, w=220, h=220
detection: Capturing ROI: x=850, y=458, w=220, h=220
detection: Capturing ROI: x=850, y=458, w=220, h=220
detection: Capturing ROI: x=850, y=458, w=220, h=220
detection: Capturing ROI: x=850, y=458, w=220, h=220
detection: Capturing ROI: x=850, y=458, w=220, h=220
detection: Capturing ROI: x=850, y=458, w=220, h=220
detection: Capturing ROI: x=850, y=458, w=220, h=220
DXScreenCapture::capture: AcquireNextFrame failed, hr=-2005270489
detection: Capturing ROI: x=850, y=458, w=220, h=220
detection: Capturing ROI: x=850, y=458, w=220, h=220
DXScreenCapture::capture: AcquireNextFrame failed, hr=-2005270489
detection: Capturing ROI: x=850, y=458, w=220, h=220
detection: Capturing ROI: x=850, y=458, w=220, h=220
detection: Capturing ROI: x=850, y=458, w=220, h=220
detection: Capturing ROI: x=850, y=458, w=220, h=220
detection: Capturing ROI: x=850, y=458, w=220, h=220
detection: Capturing ROI: x=850, y=458, w=220, h=220
detection: Capturing ROI: x=850, y=458, w=220, h=220
detection: Capturing ROI: x=850, y=458, w=220, h=220
detection: Capturing ROI: x=850, y=458, w=220, h=220
detection: Capturing ROI: x=850, y=458, w=220, h=220
detection: Capturing ROI: x=850, y=458, w=220, h=220
DXScreenCapture::capture: AcquireNextFrame failed, hr=-2005270489
detection: Capturing ROI: x=850, y=458, w=220, h=220
detection: Capturing ROI: x=850, y=458, w=220, h=220
DXScreenCapture::capture: AcquireNextFrame failed, hr=-2005270489
detection: Capturing ROI: x=850, y=458, w=220, h=220
detection: Capturing ROI: x=850, y=458, w=220, h=220
DXScreenCapture::capture: AcquireNextFrame failed, hr=-2005270489
detection: Capturing ROI: x=850, y=458, w=220, h=220
detection: Capturing ROI: x=850, y=458, w=220, h=220
detection: Capturing ROI: x=850, y=458, w=220, h=220
detection: Capturing ROI: x=850, y=458, w=220, h=220
detection: Capturing ROI: x=850, y=458, w=220, h=220
detection: Capturing ROI: x=850, y=458, w=220, h=220
detection: Capturing ROI: x=850, y=458, w=220, h=220
detection: Capturing ROI: x=850, y=458, w=220, h=220
detection: Capturing ROI: x=850, y=458, w=220, h=220
detection: Capturing ROI: x=850, y=458, w=220, h=220
detection: Capturing ROI: x=981, y=458, w=42, h=44
detection: Capturing ROI: x=971, y=458, w=220, h=44
detection: Capturing ROI: x=981, y=458, w=42, h=44
DXScreenCapture::capture: AcquireNextFrame failed, hr=-2005270489
detection: Capturing ROI: x=991, y=458, w=42, h=44
detection: Capturing ROI: x=981, y=458, w=220, h=44
DXScreenCapture::capture: AcquireNextFrame failed, hr=-2005270489
detection: Capturing ROI: x=971, y=458, w=220, h=44
detection: Capturing ROI: x=981, y=458, w=42, h=44
detection: Capturing ROI: x=971, y=458, w=220, h=44
detection: Performing mouse click
detection: Capturing ROI: x=983, y=458, w=40, h=44
detection: Capturing ROI: x=973, y=458, w=220, h=44
detection: Capturing ROI: x=981, y=458, w=42, h=44
detection: Capturing ROI: x=989, y=458, w=38, h=35
detection: Capturing ROI: x=997, y=458, w=38, h=35
detection: Capturing ROI: x=1005, y=458, w=38, h=35
detection: Capturing ROI: x=1013, y=458, w=38, h=35
detection: Capturing ROI: x=1021, y=458, w=38, h=35
detection: Capturing ROI: x=1029, y=458, w=38, h=35
DXScreenCapture::capture: AcquireNextFrame failed, hr=-2005270489
detection: Capturing ROI: x=1037, y=458, w=38, h=35
detection: Capturing ROI: x=1045, y=458, w=38, h=35
DXScreenCapture::capture: AcquireNextFrame failed, hr=-2005270489
detection: Capturing ROI: x=1053, y=458, w=38, h=35
detection: Capturing ROI: x=1061, y=458, w=38, h=35
detection: Capturing ROI: x=1069, y=458, w=38, h=35
detection: Capturing ROI: x=1077, y=458, w=38, h=35
detection: Capturing ROI: x=1085, y=458, w=38, h=35
detection: Capturing ROI: x=1093, y=458, w=38, h=35
detection: Capturing ROI: x=1101, y=458, w=38, h=35
detection: Capturing ROI: x=1109, y=458, w=38, h=35
detection: Capturing ROI: x=1117, y=458, w=38, h=35
detection: Capturing ROI: x=1125, y=458, w=38, h=35
DXScreenCapture::capture: AcquireNextFrame failed, hr=-2005270489
detection: Capturing ROI: x=1133, y=458, w=38, h=35
detection: Capturing ROI: x=1141, y=458, w=38, h=35
DXScreenCapture::capture: AcquireNextFrame failed, hr=-2005270489
detection: Capturing ROI: x=1149, y=458, w=38, h=35
detection: Capturing ROI: x=1157, y=458, w=38, h=35
detection: Capturing ROI: x=1165, y=458, w=38, h=35
DXScreenCapture::capture: AcquireNextFrame failed, hr=-2005270489
detection: Capturing ROI: x=1173, y=458, w=38, h=35
detection: Capturing ROI: x=1181, y=458, w=38, h=35
detection: Capturing ROI: x=1189, y=458, w=38, h=35
detection: Capturing ROI: x=1197, y=458, w=38, h=35
detection: Capturing ROI: x=1205, y=458, w=38, h=35
detection: Capturing ROI: x=1213, y=458, w=38, h=35
detection: Capturing ROI: x=1221, y=458, w=38, h=35
detection: Capturing ROI: x=1229, y=458, w=38, h=35
detection: Capturing ROI: x=1237, y=458, w=38, h=35
DXScreenCapture::capture: AcquireNextFrame failed, hr=-2005270489
detection: Capturing ROI: x=1245, y=458, w=38, h=35
detection: Capturing ROI: x=1253, y=458, w=38, h=35
detection: Capturing ROI: x=1261, y=458, w=38, h=35
detection: Capturing ROI: x=1269, y=458, w=38, h=35
detection: Capturing ROI: x=1277, y=458, w=38, h=35
detection: Capturing ROI: x=1285, y=458, w=38, h=35
detection: Capturing ROI: x=1293, y=458, w=38, h=35
detection: Capturing ROI: x=1301, y=458, w=38, h=35
detection: Capturing ROI: x=1309, y=458, w=38, h=35
detection: Capturing ROI: x=1317, y=458, w=38, h=35
detection: Capturing ROI: x=1325, y=458, w=38, h=35
detection: Capturing ROI: x=1333, y=458, w=38, h=35
detection: Capturing ROI: x=1341, y=458, w=38, h=35
detection: Capturing ROI: x=1349, y=458, w=38, h=35
detection: Capturing ROI: x=1357, y=458, w=38, h=35
DXScreenCapture::capture: AcquireNextFrame failed, hr=-2005270489
detection: Capturing ROI: x=1365, y=458, w=38, h=35
detection: Capturing ROI: x=1373, y=458, w=38, h=35
DXScreenCapture::capture: AcquireNextFrame failed, hr=-2005270489
detection: Capturing ROI: x=1381, y=458, w=38, h=35
detection: Capturing ROI: x=1389, y=458, w=38, h=35
detection: Capturing ROI: x=1397, y=458, w=38, h=35
detection: Capturing ROI: x=1405, y=458, w=38, h=35
detection: Capturing ROI: x=1413, y=458, w=38, h=35
detection: Capturing ROI: x=1421, y=458, w=38, h=35
detection: Capturing ROI: x=1429, y=458, w=38, h=35
detection: Capturing ROI: x=1437, y=458, w=38, h=35
detection: Capturing ROI: x=1445, y=458, w=38, h=35
detection: Capturing ROI: x=1453, y=458, w=38, h=35
detection: Capturing ROI: x=1461, y=458, w=38, h=35
detection: Capturing ROI: x=1469, y=458, w=38, h=35
detection: Capturing ROI: x=1477, y=458, w=38, h=35
DXScreenCapture::capture: AcquireNextFrame failed, hr=-2005270489
detection: Capturing ROI: x=1485, y=458, w=38, h=35
detection: Capturing ROI: x=1493, y=458, w=38, h=35
DXScreenCapture::capture: AcquireNextFrame failed, hr=-2005270489
detection: Capturing ROI: x=1501, y=458, w=38, h=35
detection: Capturing ROI: x=1509, y=458, w=38, h=35
DXScreenCapture::capture: AcquireNextFrame failed, hr=-2005270489
detection: Capturing ROI: x=1517, y=458, w=38, h=35
detection: Capturing ROI: x=1525, y=458, w=38, h=35
detection: Capturing ROI: x=1533, y=458, w=38, h=35
detection: Capturing ROI: x=1541, y=458, w=38, h=35
detection: Capturing ROI: x=1549, y=458, w=38, h=35
detection: Capturing ROI: x=1557, y=458, w=38, h=35
detection: Capturing ROI: x=1565, y=458, w=38, h=35
detection: Capturing ROI: x=1573, y=458, w=38, h=35
detection: Capturing ROI: x=1581, y=458, w=38, h=35
detection: Capturing ROI: x=1589, y=458, w=38, h=35
DXScreenCapture::capture: AcquireNextFrame failed, hr=-2005270489
detection: Capturing ROI: x=1597, y=458, w=38, h=35
detection: Capturing ROI: x=1605, y=458, w=38, h=35
DXScreenCapture::capture: AcquireNextFrame failed, hr=-2005270489
detection: Capturing ROI: x=1613, y=458, w=38, h=35
detection: Capturing ROI: x=1621, y=458, w=38, h=35
detection: Capturing ROI: x=1629, y=458, w=38, h=35
DXScreenCapture::capture: AcquireNextFrame failed, hr=-2005270489
detection: Capturing ROI: x=1637, y=458, w=38, h=35
detection: Capturing ROI: x=1645, y=458, w=38, h=35
detection: Capturing ROI: x=1653, y=458, w=38, h=35
detection: Capturing ROI: x=1661, y=458, w=38, h=35
detection: Capturing ROI: x=1669, y=458, w=38, h=35
detection: Capturing ROI: x=1677, y=458, w=38, h=35
detection: Capturing ROI: x=1685, y=458, w=38, h=35
detection: Capturing ROI: x=1693, y=458, w=38, h=35
detection: Capturing ROI: x=1701, y=458, w=38, h=35
detection: Capturing ROI: x=1709, y=458, w=38, h=35
DXScreenCapture::capture: AcquireNextFrame failed, hr=-2005270489
detection: Capturing ROI: x=1717, y=458, w=38, h=35
detection: Capturing ROI: x=1725, y=458, w=38, h=35
detection: Capturing ROI: x=1733, y=458, w=38, h=35
detection: Capturing ROI: x=1741, y=458, w=38, h=35
detection: Capturing ROI: x=1749, y=458, w=38, h=35
detection: Capturing ROI: x=1757, y=458, w=38, h=35
detection: Capturing ROI: x=1765, y=458, w=38, h=35
detection: Capturing ROI: x=1773, y=458, w=38, h=35
detection: Capturing ROI: x=1781, y=458, w=38, h=35
detection: Capturing ROI: x=1789, y=458, w=38, h=35
detection: Capturing ROI: x=1797, y=458, w=38, h=35
detection: Capturing ROI: x=1805, y=458, w=38, h=35
detection: Capturing ROI: x=1813, y=458, w=38, h=35
detection: Capturing ROI: x=1821, y=458, w=38, h=35
detection: Capturing ROI: x=1829, y=458, w=38, h=35
DXScreenCapture::capture: AcquireNextFrame failed, hr=-2005270489
detection: Capturing ROI: x=1837, y=458, w=38, h=35
detection: Capturing ROI: x=1845, y=458, w=38, h=35
DXScreenCapture::capture: AcquireNextFrame failed, hr=-2005270489
detection: Capturing ROI: x=1853, y=458, w=38, h=35
detection: Capturing ROI: x=1861, y=458, w=38, h=35
detection: Capturing ROI: x=1869, y=458, w=38, h=35
detection: Capturing ROI: x=1877, y=458, w=38, h=35
detection: Capturing ROI: x=1885, y=458, w=38, h=35
detection: Capturing ROI: x=1893, y=458, w=38, h=35
detection: Capturing ROI: x=1901, y=458, w=38, h=35
detection: Capturing ROI: x=1909, y=458, w=38, h=35
detection: Capturing ROI: x=1917, y=458, w=38, h=35
detection: Capturing ROI: x=1925, y=458, w=38, h=35
DXScreenCapture::capture: AcquireNextFrame failed, hr=-2005270489
detection: Capturing ROI: x=1933, y=458, w=38, h=35
detection: Capturing ROI: x=1941, y=458, w=38, h=35
DXScreenCapture::capture: AcquireNextFrame failed, hr=-2005270489
detection: Capturing ROI: x=1949, y=458, w=38, h=35
detection: Capturing ROI: x=1957, y=458, w=38, h=35
detection: Capturing ROI: x=1965, y=458, w=38, h=35
detection: Capturing ROI: x=1973, y=458, w=38, h=35
detection: Capturing ROI: x=1981, y=458, w=38, h=35
detection: Capturing ROI: x=1989, y=458, w=38, h=35
detection: Capturing ROI: x=1997, y=458, w=38, h=35
detection: Capturing ROI: x=2005, y=458, w=38, h=35
detection: Capturing ROI: x=2013, y=458, w=38, h=35
detection: Capturing ROI: x=2021, y=458, w=38, h=35
detection: Capturing ROI: x=2029, y=458, w=38, h=35
detection: Capturing ROI: x=2037, y=458, w=38, h=35
DXScreenCapture::capture: AcquireNextFrame failed, hr=-2005270489
detection: Capturing ROI: x=2045, y=458, w=38, h=35
detection: Capturing ROI: x=2053, y=458, w=38, h=35
detection: Capturing ROI: x=2061, y=458, w=38, h=35
detection: Capturing ROI: x=2069, y=458, w=38, h=35
detection: Capturing ROI: x=2077, y=458, w=38, h=35
detection: Capturing ROI: x=2085, y=458, w=38, h=35
detection: Capturing ROI: x=2093, y=458, w=38, h=35
detection: Capturing ROI: x=2101, y=458, w=38, h=35
detection: Capturing ROI: x=2109, y=458, w=38, h=35
detection: Capturing ROI: x=2117, y=458, w=38, h=35
detection: Capturing ROI: x=2125, y=458, w=38, h=35
detection: Capturing ROI: x=2133, y=458, w=38, h=35
detection: Capturing ROI: x=2141, y=458, w=38, h=35
detection: Capturing ROI: x=2149, y=458, w=38, h=35
DXScreenCapture::capture: AcquireNextFrame failed, hr=-2005270489
detection: Capturing ROI: x=2157, y=458, w=38, h=35
detection: Capturing ROI: x=2165, y=458, w=38, h=35
detection: Capturing ROI: x=2173, y=458, w=38, h=35
detection: Capturing ROI: x=2181, y=458, w=38, h=35
detection: Capturing ROI: x=2189, y=458, w=38, h=35
detection: Capturing ROI: x=2197, y=458, w=38, h=35
detection: Capturing ROI: x=2205, y=458, w=38, h=35
detection: Capturing ROI: x=2213, y=458, w=38, h=35
detection: Capturing ROI: x=2221, y=458, w=38, h=35
detection: Capturing ROI: x=2229, y=458, w=38, h=35
detection: Capturing ROI: x=2237, y=458, w=38, h=35
detection: Capturing ROI: x=2245, y=458, w=38, h=35
detection: Capturing ROI: x=2253, y=458, w=38, h=35
DXScreenCapture::capture: AcquireNextFrame failed, hr=-2005270489
detection: Capturing ROI: x=2261, y=458, w=38, h=35
detection: Capturing ROI: x=2269, y=458, w=38, h=35
DXScreenCapture::capture: AcquireNextFrame failed, hr=-2005270489
detection: Capturing ROI: x=2277, y=458, w=38, h=35
detection: Capturing ROI: x=2285, y=458, w=38, h=35
DXScreenCapture::capture: AcquireNextFrame failed, hr=-2005270489
detection: Capturing ROI: x=2293, y=458, w=38, h=35
detection: Capturing ROI: x=2301, y=458, w=38, h=35
detection: Capturing ROI: x=2309, y=458, w=38, h=35
detection: Capturing ROI: x=2317, y=458, w=38, h=35
detection: Capturing ROI: x=2325, y=458, w=38, h=35
detection: Capturing ROI: x=2333, y=458, w=38, h=35
detection: Capturing ROI: x=2341, y=458, w=38, h=35
detection: Capturing ROI: x=2349, y=458, w=38, h=35
detection: Capturing ROI: x=2357, y=458, w=38, h=35
detection: Capturing ROI: x=2365, y=458, w=38, h=35
detection: Capturing ROI: x=2373, y=458, w=38, h=35
DXScreenCapture::capture: AcquireNextFrame failed, hr=-2005270489
detection: Capturing ROI: x=2381, y=458, w=38, h=35
detection: Capturing ROI: x=2389, y=458, w=38, h=35
DXScreenCapture::capture: AcquireNextFrame failed, hr=-2005270489
detection: Capturing ROI: x=2397, y=458, w=38, h=35
detection: Capturing ROI: x=2405, y=458, w=38, h=35
DXScreenCapture::capture: AcquireNextFrame failed, hr=-2005270489
detection: Capturing ROI: x=2413, y=458, w=38, h=35
detection: Capturing ROI: x=2421, y=458, w=38, h=35
detection: Capturing ROI: x=2429, y=458, w=38, h=35
detection: Capturing ROI: x=2437, y=458, w=38, h=35
detection: Capturing ROI: x=2445, y=458, w=38, h=35
detection: Capturing ROI: x=2453, y=458, w=38, h=35
detection: Capturing ROI: x=2461, y=458, w=38, h=35
detection: Capturing ROI: x=2469, y=458, w=38, h=35
detection: Capturing ROI: x=2477, y=458, w=38, h=35
DXScreenCapture::capture: AcquireNextFrame failed, hr=-2005270489
detection: Capturing ROI: x=2485, y=458, w=38, h=35
detection: Capturing ROI: x=2493, y=458, w=38, h=35
DXScreenCapture::capture: AcquireNextFrame failed, hr=-2005270489
detection: Capturing ROI: x=2501, y=458, w=38, h=35
detection: Capturing ROI: x=2509, y=458, w=38, h=35
detection: Capturing ROI: x=2517, y=458, w=38, h=35
detection: Capturing ROI: x=2525, y=458, w=38, h=35
detection: Capturing ROI: x=2533, y=458, w=38, h=35
detection: Capturing ROI: x=2541, y=458, w=38, h=35
detection: Capturing ROI: x=2549, y=458, w=38, h=35
detection: Capturing ROI: x=2557, y=458, w=38, h=35
detection: Capturing ROI: x=2565, y=458, w=38, h=35
detection: Capturing ROI: x=2573, y=458, w=38, h=35
detection: Capturing ROI: x=2581, y=458, w=38, h=35
detection: Capturing ROI: x=2589, y=458, w=38, h=35
detection: Capturing ROI: x=2597, y=458, w=38, h=35
DXScreenCapture::capture: AcquireNextFrame failed, hr=-2005270489
detection: Capturing ROI: x=2605, y=458, w=38, h=35
detection: Capturing ROI: x=2613, y=458, w=38, h=35
detection: Capturing ROI: x=2621, y=458, w=38, h=35
DXScreenCapture::capture: AcquireNextFrame failed, hr=-2005270489
detection: Capturing ROI: x=2629, y=458, w=38, h=35
detection: Capturing ROI: x=2637, y=458, w=38, h=35
detection: Capturing ROI: x=2645, y=458, w=38, h=35
detection: Capturing ROI: x=2653, y=458, w=38, h=35
detection: Capturing ROI: x=2661, y=458, w=38, h=35
detection: Capturing ROI: x=2669, y=458, w=38, h=35
detection: Capturing ROI: x=2677, y=458, w=38, h=35
detection: Capturing ROI: x=2685, y=458, w=38, h=35
detection: Capturing ROI: x=2693, y=458, w=38, h=35
detection: Capturing ROI: x=2701, y=458, w=38, h=35
detection: Capturing ROI: x=2709, y=458, w=38, h=35
detection: Capturing ROI: x=2717, y=458, w=38, h=35
DXScreenCapture::capture: AcquireNextFrame failed, hr=-2005270489
detection: Capturing ROI: x=2725, y=458, w=38, h=35
detection: Capturing ROI: x=2733, y=458, w=38, h=35
DXScreenCapture::capture: AcquireNextFrame failed, hr=-2005270489
detection: Capturing ROI: x=2741, y=458, w=38, h=35
detection: Capturing ROI: x=2749, y=458, w=38, h=35
detection: Capturing ROI: x=2757, y=458, w=38, h=35
detection: Capturing ROI: x=2765, y=458, w=38, h=35
detection: Capturing ROI: x=2773, y=458, w=38, h=35
detection: Capturing ROI: x=2781, y=458, w=38, h=35
detection: Capturing ROI: x=2789, y=458, w=38, h=35
detection: Capturing ROI: x=2797, y=458, w=38, h=35
detection: Capturing ROI: x=2805, y=458, w=38, h=35
detection: Capturing ROI: x=2813, y=458, w=38, h=35
detection: Capturing ROI: x=2821, y=458, w=38, h=35
DXScreenCapture::capture: AcquireNextFrame failed, hr=-2005270489
detection: Capturing ROI: x=2829, y=458, w=38, h=35
detection: Capturing ROI: x=2837, y=458, w=38, h=35
DXScreenCapture::capture: AcquireNextFrame failed, hr=-2005270489
detection: Capturing ROI: x=2845, y=458, w=38, h=35
detection: Capturing ROI: x=2853, y=458, w=38, h=35
detection: Capturing ROI: x=2861, y=458, w=38, h=35
detection: Capturing ROI: x=2869, y=458, w=38, h=35
detection: Capturing ROI: x=2877, y=458, w=38, h=35
detection: Capturing ROI: x=2885, y=458, w=38, h=35
detection: Capturing ROI: x=2893, y=458, w=38, h=35
detection: Capturing ROI: x=2901, y=458, w=38, h=35
detection: Capturing ROI: x=2909, y=458, w=38, h=35
detection: Capturing ROI: x=2917, y=458, w=38, h=35
detection: Capturing ROI: x=2925, y=458, w=38, h=35
DXScreenCapture::capture: AcquireNextFrame failed, hr=-2005270489
detection: Capturing ROI: x=2933, y=458, w=38, h=35
detection: Capturing ROI: x=2941, y=458, w=38, h=35
DXScreenCapture::capture: AcquireNextFrame failed, hr=-2005270489
detection: Capturing ROI: x=2949, y=458, w=38, h=35
detection: Capturing ROI: x=2957, y=458, w=38, h=35
DXScreenCapture::capture: AcquireNextFrame failed, hr=-2005270489
detection: Capturing ROI: x=2965, y=458, w=38, h=35
detection: Capturing ROI: x=2973, y=458, w=38, h=35
detection: Capturing ROI: x=2981, y=458, w=38, h=35
detection: Capturing ROI: x=2989, y=458, w=38, h=35
detection: Capturing ROI: x=2997, y=458, w=38, h=35
detection: Capturing ROI: x=3005, y=458, w=38, h=35
detection: Capturing ROI: x=3013, y=458, w=38, h=35
detection: Capturing ROI: x=3021, y=458, w=38, h=35
detection: Capturing ROI: x=3029, y=458, w=38, h=35
detection: Capturing ROI: x=3037, y=458, w=38, h=35
DXScreenCapture::capture: AcquireNextFrame failed, hr=-2005270489
detection: Capturing ROI: x=3045, y=458, w=38, h=35
detection: Capturing ROI: x=3053, y=458, w=38, h=35
detection: Capturing ROI: x=3061, y=458, w=38, h=35
DXScreenCapture::capture: AcquireNextFrame failed, hr=-2005270489
detection: Capturing ROI: x=3069, y=458, w=38, h=35
detection: Capturing ROI: x=3077, y=458, w=38, h=35
DXScreenCapture::capture: AcquireNextFrame failed, hr=-2005270489
detection: Capturing ROI: x=3085, y=458, w=38, h=35
detection: Capturing ROI: x=3093, y=458, w=38, h=35
detection: Capturing ROI: x=3101, y=458, w=38, h=35
detection: Capturing ROI: x=3109, y=458, w=38, h=35
detection: Capturing ROI: x=3117, y=458, w=38, h=35
detection: Capturing ROI: x=3125, y=458, w=38, h=35
detection: Capturing ROI: x=3133, y=458, w=38, h=35
detection: Capturing ROI: x=3141, y=458, w=38, h=35
detection: Capturing ROI: x=3149, y=458, w=38, h=35
detection: Capturing ROI: x=3157, y=458, w=38, h=35
detection: Capturing ROI: x=3165, y=458, w=38, h=35
detection: Capturing ROI: x=3173, y=458, w=38, h=35
DXScreenCapture::capture: AcquireNextFrame failed, hr=-2005270489
detection: Capturing ROI: x=3181, y=458, w=38, h=35
detection: Capturing ROI: x=3189, y=458, w=38, h=35
detection: Capturing ROI: x=3197, y=458, w=38, h=35
detection: Capturing ROI: x=3205, y=458, w=38, h=35
detection: Capturing ROI: x=3213, y=458, w=38, h=35
detection: Capturing ROI: x=3221, y=458, w=38, h=35
detection: Capturing ROI: x=3229, y=458, w=38, h=35
detection: Capturing ROI: x=3237, y=458, w=38, h=35
detection: Capturing ROI: x=3245, y=458, w=38, h=35
detection: Capturing ROI: x=3253, y=458, w=38, h=35
detection: Capturing ROI: x=3261, y=458, w=38, h=35
detection: Capturing ROI: x=3269, y=458, w=38, h=35
detection: Capturing ROI: x=3277, y=458, w=38, h=35
DXScreenCapture::capture: AcquireNextFrame failed, hr=-2005270489
detection: Capturing ROI: x=3285, y=458, w=38, h=35
detection: Capturing ROI: x=3293, y=458, w=38, h=35
detection: Capturing ROI: x=3301, y=458, w=38, h=35
DXScreenCapture::capture: AcquireNextFrame failed, hr=-2005270489
detection: Capturing ROI: x=3309, y=458, w=38, h=35
detection: Capturing ROI: x=3317, y=458, w=38, h=35
detection: Capturing ROI: x=3325, y=458, w=38, h=35
detection: Capturing ROI: x=3333, y=458, w=38, h=35
detection: Capturing ROI: x=3341, y=458, w=38, h=35
detection: Capturing ROI: x=3349, y=458, w=38, h=35
detection: Capturing ROI: x=3357, y=458, w=38, h=35
detection: Capturing ROI: x=3365, y=458, w=38, h=35
detection: Capturing ROI: x=3373, y=458, w=38, h=35
detection: Capturing ROI: x=3381, y=458, w=38, h=35
detection: Capturing ROI: x=3389, y=458, w=38, h=35
DXScreenCapture::capture: AcquireNextFrame failed, hr=-2005270489
detection: Capturing ROI: x=3397, y=458, w=38, h=35
detection: Capturing ROI: x=3405, y=458, w=38, h=35
DXScreenCapture::capture: AcquireNextFrame failed, hr=-2005270489
detection: Capturing ROI: x=3413, y=458, w=38, h=35
detection: Capturing ROI: x=3421, y=458, w=38, h=35
detection: Capturing ROI: x=3429, y=458, w=38, h=35
DXScreenCapture::capture: AcquireNextFrame failed, hr=-2005270489
detection: Capturing ROI: x=3437, y=458, w=38, h=35
detection: Capturing ROI: x=3445, y=458, w=38, h=35
detection: Capturing ROI: x=3453, y=458, w=38, h=35
detection: Capturing ROI: x=3461, y=458, w=38, h=35
detection: Capturing ROI: x=3469, y=458, w=38, h=35
detection: Capturing ROI: x=3477, y=458, w=38, h=35
detection: Capturing ROI: x=3485, y=458, w=38, h=35
detection: Capturing ROI: x=3493, y=458, w=38, h=35
DXScreenCapture::capture: AcquireNextFrame failed, hr=-2005270489
detection: Capturing ROI: x=3501, y=458, w=38, h=35
detection: Capturing ROI: x=3509, y=458, w=38, h=35
DXScreenCapture::capture: AcquireNextFrame failed, hr=-2005270489
detection: Capturing ROI: x=3517, y=458, w=38, h=35
detection: Capturing ROI: x=3525, y=458, w=38, h=35
DXScreenCapture::capture: AcquireNextFrame failed, hr=-2005270489
detection: Capturing ROI: x=3533, y=458, w=38, h=35
detection: Capturing ROI: x=3541, y=458, w=38, h=35
detection: Capturing ROI: x=3549, y=458, w=38, h=35
detection: Capturing ROI: x=3557, y=458, w=38, h=35
detection: Capturing ROI: x=3565, y=458, w=38, h=35
detection: Capturing ROI: x=3573, y=458, w=38, h=35
detection: Capturing ROI: x=3581, y=458, w=38, h=35
detection: Capturing ROI: x=3589, y=458, w=38, h=35
detection: Capturing ROI: x=3597, y=458, w=38, h=35
detection: Capturing ROI: x=3605, y=458, w=38, h=35
detection: Capturing ROI: x=3613, y=458, w=38, h=35
DXScreenCapture::capture: AcquireNextFrame failed, hr=-2005270489
detection: Capturing ROI: x=3621, y=458, w=38, h=35
detection: Capturing ROI: x=3629, y=458, w=38, h=35
DXScreenCapture::capture: AcquireNextFrame failed, hr=-2005270489
detection: Capturing ROI: x=3637, y=458, w=38, h=35
detection: Capturing ROI: x=3645, y=458, w=38, h=35
detection: Capturing ROI: x=3653, y=458, w=38, h=35
detection: Capturing ROI: x=3661, y=458, w=38, h=35
detection: Capturing ROI: x=3669, y=458, w=38, h=35
detection: Capturing ROI: x=3677, y=458, w=38, h=35
detection: Capturing ROI: x=3685, y=458, w=38, h=35
detection: Capturing ROI: x=3693, y=458, w=38, h=35
detection: Capturing ROI: x=3701, y=458, w=38, h=35
detection: Capturing ROI: x=3709, y=458, w=38, h=35
detection: Capturing ROI: x=3717, y=458, w=38, h=35
DXScreenCapture::capture: AcquireNextFrame failed, hr=-2005270489
detection: Capturing ROI: x=3725, y=458, w=38, h=35
detection: Capturing ROI: x=3733, y=458, w=38, h=35
DXScreenCapture::capture: AcquireNextFrame failed, hr=-2005270489
detection: Capturing ROI: x=3741, y=458, w=38, h=35
detection: Capturing ROI: x=3749, y=458, w=38, h=35
detection: Capturing ROI: x=3757, y=458, w=38, h=35
detection: Capturing ROI: x=3765, y=458, w=38, h=35
detection: Capturing ROI: x=3773, y=458, w=38, h=35
detection: Capturing ROI: x=3781, y=458, w=38, h=35
detection: Capturing ROI: x=3789, y=458, w=38, h=35
detection: Capturing ROI: x=3797, y=458, w=38, h=35
detection: Capturing ROI: x=3805, y=458, w=38, h=35
detection: Capturing ROI: x=3813, y=458, w=38, h=35
detection: Capturing ROI: x=3821, y=458, w=38, h=35
DXScreenCapture::capture: AcquireNextFrame failed, hr=-2005270489
detection: Capturing ROI: x=3829, y=458, w=38, h=35
detection: Capturing ROI: x=3837, y=458, w=38, h=35
DXScreenCapture::capture: AcquireNextFrame failed, hr=-2005270489
detection: Capturing ROI: x=3845, y=458, w=38, h=35
detection: Capturing ROI: x=3853, y=458, w=38, h=35
detection: Capturing ROI: x=3861, y=458, w=38, h=35
detection: Capturing ROI: x=3869, y=458, w=38, h=35
detection: Capturing ROI: x=3877, y=458, w=38, h=35
detection: Capturing ROI: x=3885, y=458, w=38, h=35
detection: Capturing ROI: x=3893, y=458, w=38, h=35
detection: Capturing ROI: x=3901, y=458, w=38, h=35
detection: Capturing ROI: x=3909, y=458, w=38, h=35
detection: Capturing ROI: x=3917, y=458, w=38, h=35
detection: Capturing ROI: x=3925, y=458, w=38, h=35
DXScreenCapture::capture: AcquireNextFrame failed, hr=-2005270489
detection: Capturing ROI: x=3933, y=458, w=38, h=35
detection: Capturing ROI: x=3941, y=458, w=38, h=35
detection: Capturing ROI: x=3949, y=458, w=38, h=35
DXScreenCapture::capture: AcquireNextFrame failed, hr=-2005270489
detection: Capturing ROI: x=3957, y=458, w=38, h=35
detection: Capturing ROI: x=3965, y=458, w=38, h=35
detection: Capturing ROI: x=3973, y=458, w=38, h=35
detection: Capturing ROI: x=3981, y=458, w=38, h=35
detection: Capturing ROI: x=3989, y=458, w=38, h=35
detection: Capturing ROI: x=3997, y=458, w=38, h=35
detection: Capturing ROI: x=4005, y=458, w=38, h=35
detection: Capturing ROI: x=4013, y=458, w=38, h=35
detection: Capturing ROI: x=4021, y=458, w=38, h=35
detection: Capturing ROI: x=4029, y=458, w=38, h=35
detection: Capturing ROI: x=4037, y=458, w=38, h=35
detection: Capturing ROI: x=4045, y=458, w=38, h=35
DXScreenCapture::capture: AcquireNextFrame failed, hr=-2005270489
detection: Capturing ROI: x=4053, y=458, w=38, h=35
detection: Capturing ROI: x=4061, y=458, w=38, h=35
DXScreenCapture::capture: AcquireNextFrame failed, hr=-2005270489
detection: Capturing ROI: x=4069, y=458, w=38, h=35
detection: Capturing ROI: x=4077, y=458, w=38, h=35
detection: Capturing ROI: x=4085, y=458, w=38, h=35
detection: Capturing ROI: x=4093, y=458, w=38, h=35
detection: Capturing ROI: x=4101, y=458, w=38, h=35
detection: Capturing ROI: x=4109, y=458, w=38, h=35
detection: Capturing ROI: x=4117, y=458, w=38, h=35
detection: Capturing ROI: x=4125, y=458, w=38, h=35
detection: Capturing ROI: x=4133, y=458, w=38, h=35
detection: Capturing ROI: x=4141, y=458, w=38, h=35
detection: Capturing ROI: x=4149, y=458, w=38, h=35
DXScreenCapture::capture: AcquireNextFrame failed, hr=-2005270489
detection: Capturing ROI: x=4157, y=458, w=38, h=35
detection: Capturing ROI: x=4165, y=458, w=38, h=35
DXScreenCapture::capture: AcquireNextFrame failed, hr=-2005270489
detection: Capturing ROI: x=4173, y=458, w=38, h=35
detection: Capturing ROI: x=4181, y=458, w=38, h=35
detection: Capturing ROI: x=4189, y=458, w=38, h=35
detection: Capturing ROI: x=4197, y=458, w=38, h=35
detection: Capturing ROI: x=4205, y=458, w=38, h=35
detection: Capturing ROI: x=4213, y=458, w=38, h=35
detection: Capturing ROI: x=4221, y=458, w=38, h=35
detection: Capturing ROI: x=4229, y=458, w=38, h=35
detection: Capturing ROI: x=4237, y=458, w=38, h=35
detection: Capturing ROI: x=4245, y=458, w=38, h=35
DXScreenCapture::capture: AcquireNextFrame failed, hr=-2005270489
detection: Capturing ROI: x=4253, y=458, w=38, h=35
detection: Capturing ROI: x=4261, y=458, w=38, h=35
DXScreenCapture::capture: AcquireNextFrame failed, hr=-2005270489
detection: Capturing ROI: x=4269, y=458, w=38, h=35
detection: Capturing ROI: x=4277, y=458, w=38, h=35
detection: Capturing ROI: x=4285, y=458, w=38, h=35
detection: Capturing ROI: x=4293, y=458, w=38, h=35
detection: Capturing ROI: x=4301, y=458, w=38, h=35
detection: Capturing ROI: x=4309, y=458, w=38, h=35
detection: Capturing ROI: x=4317, y=458, w=38, h=35
detection: Capturing ROI: x=4325, y=458, w=38, h=35
detection: Capturing ROI: x=4333, y=458, w=38, h=35
detection: Capturing ROI: x=4341, y=458, w=38, h=35
detection: Capturing ROI: x=4349, y=458, w=38, h=35
DXScreenCapture::capture: AcquireNextFrame failed, hr=-2005270489
detection: Capturing ROI: x=4357, y=458, w=38, h=35
detection: Capturing ROI: x=4365, y=458, w=38, h=35
DXScreenCapture::capture: AcquireNextFrame failed, hr=-2005270489
detection: Capturing ROI: x=4373, y=458, w=38, h=35
detection: Capturing ROI: x=4381, y=458, w=38, h=35
DXScreenCapture::capture: AcquireNextFrame failed, hr=-2005270489
detection: Capturing ROI: x=4389, y=458, w=38, h=35
detection: Capturing ROI: x=4397, y=458, w=38, h=35
detection: Capturing ROI: x=4405, y=458, w=38, h=35
detection: Capturing ROI: x=4413, y=458, w=38, h=35
detection: Capturing ROI: x=4421, y=458, w=38, h=35
detection: Capturing ROI: x=4429, y=458, w=38, h=35
detection: Capturing ROI: x=4437, y=458, w=38, h=35
detection: Capturing ROI: x=4445, y=458, w=38, h=35
detection: Capturing ROI: x=4453, y=458, w=38, h=35
detection: Capturing ROI: x=4461, y=458, w=38, h=35
detection: Capturing ROI: x=4469, y=458, w=38, h=35
DXScreenCapture::capture: AcquireNextFrame failed, hr=-2005270489
detection: Capturing ROI: x=4477, y=458, w=38, h=35
detection: Capturing ROI: x=4485, y=458, w=38, h=35
DXScreenCapture::capture: AcquireNextFrame failed, hr=-2005270489
detection: Capturing ROI: x=4493, y=458, w=38, h=35
detection: Capturing ROI: x=4501, y=458, w=38, h=35
detection: Capturing ROI: x=4509, y=458, w=38, h=35
detection: Capturing ROI: x=4517, y=458, w=38, h=35
detection: Capturing ROI: x=4525, y=458, w=38, h=35
detection: Capturing ROI: x=4533, y=458, w=38, h=35
detection: Capturing ROI: x=4541, y=458, w=38, h=35
detection: Capturing ROI: x=4549, y=458, w=38, h=35
detection: Capturing ROI: x=4557, y=458, w=38, h=35
detection: Capturing ROI: x=4565, y=458, w=38, h=35
detection: Capturing ROI: x=4573, y=458, w=38, h=35
detection: Capturing ROI: x=4581, y=458, w=38, h=35
DXScreenCapture::capture: AcquireNextFrame failed, hr=-2005270489
detection: Capturing ROI: x=4589, y=458, w=38, h=35
detection: Capturing ROI: x=4597, y=458, w=38, h=35
DXScreenCapture::capture: AcquireNextFrame failed, hr=-2005270489
detection: Capturing ROI: x=4605, y=458, w=38, h=35
detection: Capturing ROI: x=4613, y=458, w=38, h=35
DXScreenCapture::capture: AcquireNextFrame failed, hr=-2005270489
detection: Capturing ROI: x=4621, y=458, w=38, h=35
detection: Capturing ROI: x=4629, y=458, w=38, h=35
detection: Capturing ROI: x=4637, y=458, w=38, h=35
detection: Capturing ROI: x=4645, y=458, w=38, h=35
detection: Capturing ROI: x=4653, y=458, w=38, h=35
detection: Capturing ROI: x=4661, y=458, w=38, h=35
detection: Capturing ROI: x=4669, y=458, w=38, h=35
detection: Capturing ROI: x=4677, y=458, w=38, h=35
detection: Capturing ROI: x=4685, y=458, w=38, h=35
detection: Capturing ROI: x=4693, y=458, w=38, h=35
detection: Capturing ROI: x=4701, y=458, w=38, h=35
DXScreenCapture::capture: AcquireNextFrame failed, hr=-2005270489
detection: Capturing ROI: x=4709, y=458, w=38, h=35
detection: Capturing ROI: x=4717, y=458, w=38, h=35
DXScreenCapture::capture: AcquireNextFrame failed, hr=-2005270489
detection: Capturing ROI: x=4725, y=458, w=38, h=35
detection: Capturing ROI: x=4733, y=458, w=38, h=35
DXScreenCapture::capture: AcquireNextFrame failed, hr=-2005270489
detection: Capturing ROI: x=4741, y=458, w=38, h=35
detection: Capturing ROI: x=4749, y=458, w=38, h=35
detection: Capturing ROI: x=4757, y=458, w=38, h=35
detection: Capturing ROI: x=4765, y=458, w=38, h=35
detection: Capturing ROI: x=4773, y=458, w=38, h=35
detection: Capturing ROI: x=4781, y=458, w=38, h=35
detection: Capturing ROI: x=4789, y=458, w=38, h=35
detection: Capturing ROI: x=4797, y=458, w=38, h=35
detection: Capturing ROI: x=4805, y=458, w=38, h=35
detection: Capturing ROI: x=4813, y=458, w=38, h=35
detection: Capturing ROI: x=4821, y=458, w=38, h=35
detection: Capturing ROI: x=4829, y=458, w=38, h=35
DXScreenCapture::capture: AcquireNextFrame failed, hr=-2005270489
detection: Capturing ROI: x=4837, y=458, w=38, h=35
detection: Capturing ROI: x=4845, y=458, w=38, h=35
detection: Capturing ROI: x=4853, y=458, w=38, h=35
detection: Capturing ROI: x=4861, y=458, w=38, h=35
DXScreenCapture::capture: AcquireNextFrame failed, hr=-2005270489
detection: Capturing ROI: x=4869, y=458, w=38, h=35
detection: Capturing ROI: x=4877, y=458, w=38, h=35
detection: Capturing ROI: x=4885, y=458, w=38, h=35
detection: Capturing ROI: x=4893, y=458, w=38, h=35
DXScreenCapture::capture: AcquireNextFrame failed, hr=-2005270489
detection: Capturing ROI: x=4901, y=458, w=38, h=35
detection: Capturing ROI: x=4909, y=458, w=38, h=35
detection: Capturing ROI: x=4917, y=458, w=38, h=35
detection: Capturing ROI: x=4925, y=458, w=38, h=35
detection: Capturing ROI: x=4933, y=458, w=38, h=35
detection: Capturing ROI: x=4941, y=458, w=38, h=35
DXScreenCapture::capture: AcquireNextFrame failed, hr=-2005270489
detection: Capturing ROI: x=4949, y=458, w=38, h=35
detection: Capturing ROI: x=4957, y=458, w=38, h=35
detection: Capturing ROI: x=4965, y=458, w=38, h=35
detection: Capturing ROI: x=4973, y=458, w=38, h=35
detection: Capturing ROI: x=4981, y=458, w=38, h=35
DXScreenCapture::capture: AcquireNextFrame failed, hr=-2005270489
detection: Capturing ROI: x=4989, y=458, w=38, h=35
detection: Capturing ROI: x=4997, y=458, w=38, h=35
DXScreenCapture::capture: AcquireNextFrame failed, hr=-2005270489
detection: Capturing ROI: x=5005, y=458, w=38, h=35
DXScreenCapture::capture: AcquireNextFrame failed, hr=-2005270489
detection: Capturing ROI: x=5013, y=458, w=38, h=35
detection: Capturing ROI: x=5021, y=458, w=38, h=35
detection: Capturing ROI: x=5029, y=458, w=38, h=35
detection: Capturing ROI: x=5037, y=458, w=38, h=35
detection: Capturing ROI: x=5045, y=458, w=38, h=35
detection: Capturing ROI: x=5053, y=458, w=38, h=35
detection: Capturing ROI: x=5061, y=458, w=38, h=35
detection: Capturing ROI: x=5069, y=458, w=38, h=35
detection: Capturing ROI: x=5077, y=458, w=38, h=35
detection: Capturing ROI: x=5085, y=458, w=38, h=35
DXScreenCapture::capture: AcquireNextFrame failed, hr=-2005270489
detection: Capturing ROI: x=5093, y=458, w=38, h=35
detection: Capturing ROI: x=5101, y=458, w=38, h=35
detection: Capturing ROI: x=5109, y=458, w=38, h=35
detection: Capturing ROI: x=5117, y=458, w=38, h=35
detection: Capturing ROI: x=5125, y=458, w=38, h=35
detection: Capturing ROI: x=5133, y=458, w=38, h=35
detection: Capturing ROI: x=5141, y=458, w=38, h=35
detection: Capturing ROI: x=5149, y=458, w=38, h=35
DXScreenCapture::capture: AcquireNextFrame failed, hr=-2005270489
detection: Capturing ROI: x=5157, y=458, w=38, h=35
detection: Capturing ROI: x=5165, y=458, w=38, h=35
detection: Capturing ROI: x=5173, y=458, w=38, h=35
DXScreenCapture::capture: AcquireNextFrame failed, hr=-2005270489
detection: Capturing ROI: x=5181, y=458, w=38, h=35
detection: Capturing ROI: x=5189, y=458, w=38, h=35
detection: Capturing ROI: x=5197, y=458, w=38, h=35
detection: Capturing ROI: x=5205, y=458, w=38, h=35
detection: Capturing ROI: x=5213, y=458, w=38, h=35
detection: Capturing ROI: x=5221, y=458, w=38, h=35
detection: Capturing ROI: x=5229, y=458, w=38, h=35
detection: Capturing ROI: x=5237, y=458, w=38, h=35
detection: Capturing ROI: x=5245, y=458, w=38, h=35
detection: Capturing ROI: x=5253, y=458, w=38, h=35
detection: Capturing ROI: x=5261, y=458, w=38, h=35
DXScreenCapture::capture: AcquireNextFrame failed, hr=-2005270489
detection: Capturing ROI: x=5269, y=458, w=38, h=35
detection: Capturing ROI: x=5277, y=458, w=38, h=35
DXScreenCapture::capture: AcquireNextFrame failed, hr=-2005270489
detection: Capturing ROI: x=5285, y=458, w=38, h=35
detection: Capturing ROI: x=5293, y=458, w=38, h=35
DXScreenCapture::capture: AcquireNextFrame failed, hr=-2005270489
detection: Capturing ROI: x=5301, y=458, w=38, h=35
detection: Capturing ROI: x=5309, y=458, w=38, h=35
detection: Capturing ROI: x=5317, y=458, w=38, h=35
detection: Capturing ROI: x=5325, y=458, w=38, h=35
detection: Capturing ROI: x=5333, y=458, w=38, h=35
detection: Capturing ROI: x=5341, y=458, w=38, h=35
detection: Capturing ROI: x=5349, y=458, w=38, h=35
DXScreenCapture::capture: AcquireNextFrame failed, hr=-2005270489
detection: Capturing ROI: x=5357, y=458, w=38, h=35
detection: Roblox window not in foreground
detection: Roblox window not in foreground
detection: Roblox window not in foreground
detection: Roblox window not in foreground
detection: Roblox window not in foreground
detection: Roblox window not in foreground
detection: Roblox window not in foreground
detection: Roblox window not in foreground
DXScreenCapture::~DXScreenCapture: Cleaning up DXScreenCapture
detection: Roblox window changed, resetting capture
detection: Roblox window not in foreground
detection: Roblox window not in foreground
detection: Roblox window not in foreground
detection: Roblox window not in foreground
detection: Roblox window not in foreground
detection: Roblox window not in foreground
detection: Roblox window not in foreground
detection: Roblox window not in foreground
detection: Roblox window not in foreground
detection: Roblox window not in foreground
detection: Roblox window not in foreground
DXScreenCapture::DXScreenCapture: DXScreenCapture initialized successfully
detection: Capturing ROI: x=850, y=458, w=220, h=220
detection: Capturing ROI: x=850, y=458, w=220, h=220
DXScreenCapture::capture: AcquireNextFrame failed, hr=-2005270489
detection: Capturing ROI: x=850, y=458, w=220, h=220
detection: Capturing ROI: x=850, y=458, w=220, h=220
detection: Capturing ROI: x=850, y=458, w=220, h=220
detection: Capturing ROI: x=850, y=458, w=220, h=220
DXScreenCapture::capture: AcquireNextFrame failed, hr=-2005270489
detection: Capturing ROI: x=850, y=458, w=220, h=220
detection: Capturing ROI: x=850, y=458, w=220, h=220
detection: Capturing ROI: x=850, y=458, w=220, h=220
detection: Capturing ROI: x=850, y=458, w=220, h=220
detection: Capturing ROI: x=850, y=458, w=220, h=220
detection: Capturing ROI: x=850, y=458, w=220, h=220
detection: Capturing ROI: x=850, y=458, w=220, h=220
detection: Capturing ROI: x=850, y=458, w=220, h=220
DXScreenCapture::capture: AcquireNextFrame failed, hr=-2005270489
detection: Capturing ROI: x=850, y=458, w=220, h=220
detection: Capturing ROI: x=850, y=458, w=220, h=220
detection: Capturing ROI: x=850, y=458, w=220, h=220
detection: Capturing ROI: x=850, y=458, w=220, h=220
detection: Capturing ROI: x=850, y=458, w=220, h=220
detection: Capturing ROI: x=850, y=458, w=220, h=220
DXScreenCapture::capture: AcquireNextFrame failed, hr=-2005270489
detection: Capturing ROI: x=850, y=458, w=220, h=220
detection: Capturing ROI: x=850, y=458, w=220, h=220
DXScreenCapture::capture: AcquireNextFrame failed, hr=-2005270489
detection: Capturing ROI: x=850, y=458, w=220, h=220
detection: Capturing ROI: x=850, y=458, w=220, h=220
detection: Capturing ROI: x=850, y=458, w=220, h=220
detection: Capturing ROI: x=850, y=458, w=220, h=220
detection: Capturing ROI: x=850, y=458, w=220, h=220
detection: Capturing ROI: x=850, y=458, w=220, h=220
detection: Capturing ROI: x=850, y=458, w=220, h=220
detection: Capturing ROI: x=850, y=458, w=220, h=220
detection: Capturing ROI: x=850, y=458, w=220, h=220
detection: Capturing ROI: x=850, y=458, w=220, h=220
detection: Capturing ROI: x=850, y=458, w=220, h=220
detection: Capturing ROI: x=850, y=458, w=220, h=220
detection: Capturing ROI: x=850, y=458, w=220, h=220
DXScreenCapture::capture: AcquireNextFrame failed, hr=-2005270489
detection: Capturing ROI: x=850, y=458, w=220, h=220
detection: Capturing ROI: x=850, y=458, w=220, h=220
DXScreenCapture::capture: AcquireNextFrame failed, hr=-2005270489
detection: Capturing ROI: x=850, y=458, w=220, h=220
detection: Capturing ROI: x=850, y=458, w=220, h=220
detection: Capturing ROI: x=850, y=458, w=220, h=220
detection: Capturing ROI: x=850, y=458, w=220, h=220
detection: Capturing ROI: x=850, y=458, w=220, h=220
detection: Capturing ROI: x=850, y=458, w=220, h=220
detection: Capturing ROI: x=850, y=458, w=220, h=220
detection: Capturing ROI: x=850, y=458, w=220, h=220
detection: Capturing ROI: x=850, y=458, w=220, h=220
DXScreenCapture::capture: AcquireNextFrame failed, hr=-2005270489
detection: Capturing ROI: x=850, y=458, w=220, h=220
detection: Capturing ROI: x=850, y=458, w=220, h=220
DXScreenCapture::capture: AcquireNextFrame failed, hr=-2005270489
detection: Capturing ROI: x=850, y=458, w=220, h=220
detection: Capturing ROI: x=850, y=458, w=220, h=220
detection: Capturing ROI: x=850, y=458, w=220, h=220
detection: Capturing ROI: x=850, y=458, w=220, h=220
DXScreenCapture::capture: AcquireNextFrame failed, hr=-2005270489
detection: Capturing ROI: x=850, y=458, w=220, h=220
detection: Capturing ROI: x=850, y=458, w=220, h=220
detection: Capturing ROI: x=850, y=458, w=220, h=220
detection: Capturing ROI: x=850, y=458, w=220, h=220
detection: Capturing ROI: x=850, y=458, w=220, h=220
detection: Capturing ROI: x=850, y=458, w=220, h=220
detection: Capturing ROI: x=850, y=458, w=220, h=220
DXScreenCapture::capture: AcquireNextFrame failed, hr=-2005270489
detection: Capturing ROI: x=850, y=458, w=220, h=220
detection: Capturing ROI: x=850, y=458, w=220, h=220
detection: Capturing ROI: x=850, y=458, w=220, h=220
detection: Capturing ROI: x=850, y=458, w=220, h=220
detection: Capturing ROI: x=850, y=458, w=220, h=220
DXScreenCapture::capture: AcquireNextFrame failed, hr=-2005270489
detection: Capturing ROI: x=850, y=458, w=220, h=220
detection: Capturing ROI: x=850, y=458, w=220, h=220
detection: Capturing ROI: x=850, y=458, w=220, h=220
detection: Capturing ROI: x=850, y=458, w=220, h=220
detection: Capturing ROI: x=850, y=458, w=220, h=220
detection: Capturing ROI: x=850, y=458, w=220, h=220
detection: Capturing ROI: x=850, y=458, w=220, h=220
detection: Capturing ROI: x=850, y=458, w=220, h=220
DXScreenCapture::capture: AcquireNextFrame failed, hr=-2005270489
detection: Capturing ROI: x=850, y=458, w=220, h=220
detection: Capturing ROI: x=850, y=458, w=220, h=220
detection: Capturing ROI: x=850, y=458, w=220, h=220
detection: Capturing ROI: x=850, y=458, w=220, h=220
detection: Capturing ROI: x=850, y=458, w=220, h=220
detection: Capturing ROI: x=850, y=458, w=220, h=220
detection: Capturing ROI: x=850, y=458, w=220, h=220
detection: Capturing ROI: x=850, y=458, w=220, h=220
detection: Capturing ROI: x=850, y=458, w=220, h=220
detection: Capturing ROI: x=850, y=458, w=220, h=220
detection: Capturing ROI: x=850, y=458, w=220, h=220
detection: Capturing ROI: x=850, y=458, w=220, h=220
detection: Capturing ROI: x=850, y=458, w=220, h=220
detection: Capturing ROI: x=850, y=458, w=220, h=220
DXScreenCapture::capture: AcquireNextFrame failed, hr=-2005270489
detection: Capturing ROI: x=850, y=458, w=220, h=220
detection: Capturing ROI: x=850, y=458, w=220, h=220
DXScreenCapture::capture: AcquireNextFrame failed, hr=-2005270489
detection: Capturing ROI: x=850, y=458, w=220, h=220
detection: Capturing ROI: x=850, y=458, w=220, h=220
DXScreenCapture::capture: AcquireNextFrame failed, hr=-2005270489
detection: Capturing ROI: x=850, y=458, w=220, h=220
detection: Capturing ROI: x=850, y=458, w=220, h=220
detection: Capturing ROI: x=850, y=458, w=220, h=220
detection: Capturing ROI: x=850, y=458, w=220, h=220
detection: Capturing ROI: x=850, y=458, w=220, h=220
detection: Capturing ROI: x=850, y=458, w=220, h=220
detection: Capturing ROI: x=850, y=458, w=220, h=220
detection: Capturing ROI: x=850, y=458, w=220, h=220
detection: Capturing ROI: x=850, y=458, w=220, h=220
detection: Capturing ROI: x=850, y=458, w=220, h=220
DXScreenCapture::capture: AcquireNextFrame failed, hr=-2005270489
detection: Capturing ROI: x=850, y=458, w=220, h=220
detection: Capturing ROI: x=850, y=458, w=220, h=220
DXScreenCapture::capture: AcquireNextFrame failed, hr=-2005270489
detection: Capturing ROI: x=850, y=458, w=220, h=220
detection: Capturing ROI: x=850, y=458, w=220, h=220
DXScreenCapture::capture: AcquireNextFrame failed, hr=-2005270489
detection: Capturing ROI: x=850, y=458, w=220, h=220
detection: Capturing ROI: x=850, y=458, w=220, h=220
detection: Capturing ROI: x=850, y=458, w=220, h=220
detection: Capturing ROI: x=850, y=458, w=220, h=220
detection: Capturing ROI: x=850, y=458, w=220, h=220
detection: Capturing ROI: x=850, y=458, w=220, h=220
detection: Capturing ROI: x=850, y=458, w=220, h=220
detection: Capturing ROI: x=850, y=458, w=220, h=220
detection: Capturing ROI: x=850, y=458, w=220, h=220
detection: Capturing ROI: x=850, y=458, w=220, h=220
DXScreenCapture::capture: AcquireNextFrame failed, hr=-2005270489
detection: Capturing ROI: x=850, y=458, w=220, h=220
detection: Capturing ROI: x=850, y=458, w=220, h=220
detection: Capturing ROI: x=850, y=458, w=220, h=220
detection: Capturing ROI: x=850, y=458, w=220, h=220
detection: Capturing ROI: x=850, y=458, w=220, h=220
detection: Capturing ROI: x=850, y=458, w=220, h=220
detection: Capturing ROI: x=1003, y=458, w=46, h=50
detection: Capturing ROI: x=993, y=458, w=220, h=57
detection: Capturing ROI: x=1003, y=458, w=46, h=50
detection: Performing mouse click
detection: Capturing ROI: x=993, y=458, w=220, h=57
detection: Capturing ROI: x=1003, y=458, w=46, h=49
detection: Capturing ROI: x=993, y=458, w=220, h=56
detection: Capturing ROI: x=850, y=458, w=220, h=220
detection: Capturing ROI: x=850, y=458, w=220, h=220
detection: Capturing ROI: x=850, y=458, w=220, h=220
DXScreenCapture::capture: AcquireNextFrame failed, hr=-2005270489
detection: Capturing ROI: x=850, y=458, w=220, h=220
detection: Capturing ROI: x=850, y=458, w=220, h=220
detection: Capturing ROI: x=850, y=458, w=220, h=220
detection: Capturing ROI: x=850, y=458, w=220, h=220
detection: Capturing ROI: x=850, y=458, w=220, h=220
detection: Capturing ROI: x=850, y=458, w=220, h=220
detection: Capturing ROI: x=850, y=458, w=220, h=220
detection: Capturing ROI: x=850, y=458, w=220, h=220
detection: Capturing ROI: x=850, y=458, w=220, h=220
detection: Capturing ROI: x=850, y=458, w=220, h=220
detection: Capturing ROI: x=850, y=458, w=220, h=220
detection: Capturing ROI: x=850, y=458, w=220, h=220
detection: Capturing ROI: x=850, y=458, w=220, h=220
DXScreenCapture::capture: AcquireNextFrame failed, hr=-2005270489
detection: Capturing ROI: x=850, y=458, w=220, h=220
detection: Capturing ROI: x=850, y=458, w=220, h=220
DXScreenCapture::capture: AcquireNextFrame failed, hr=-2005270489
detection: Capturing ROI: x=850, y=458, w=220, h=220
detection: Capturing ROI: x=850, y=458, w=220, h=220
detection: Capturing ROI: x=850, y=458, w=220, h=220
detection: Capturing ROI: x=850, y=458, w=220, h=220
detection: Capturing ROI: x=850, y=458, w=220, h=220
detection: Capturing ROI: x=850, y=458, w=220, h=220
detection: Capturing ROI: x=850, y=458, w=220, h=220
detection: Capturing ROI: x=850, y=458, w=220, h=220
detection: Capturing ROI: x=850, y=458, w=220, h=220
detection: Capturing ROI: x=850, y=458, w=220, h=220
detection: Capturing ROI: x=850, y=458, w=220, h=220
detection: Capturing ROI: x=850, y=458, w=220, h=220
detection: Capturing ROI: x=850, y=458, w=220, h=220
DXScreenCapture::capture: AcquireNextFrame failed, hr=-2005270489
detection: Capturing ROI: x=850, y=458, w=220, h=220
detection: Capturing ROI: x=850, y=458, w=220, h=220
DXScreenCapture::capture: AcquireNextFrame failed, hr=-2005270489
detection: Capturing ROI: x=850, y=458, w=220, h=220
detection: Capturing ROI: x=850, y=458, w=220, h=220
detection: Capturing ROI: x=850, y=458, w=220, h=220
detection: Capturing ROI: x=850, y=458, w=220, h=220
detection: Capturing ROI: x=850, y=458, w=220, h=220
detection: Capturing ROI: x=850, y=458, w=220, h=220
detection: Capturing ROI: x=850, y=458, w=220, h=220
detection: Capturing ROI: x=850, y=458, w=220, h=220
detection: Capturing ROI: x=850, y=458, w=220, h=220
detection: Capturing ROI: x=850, y=458, w=220, h=220
detection: Capturing ROI: x=850, y=458, w=220, h=220
DXScreenCapture::capture: AcquireNextFrame failed, hr=-2005270489
detection: Capturing ROI: x=850, y=458, w=220, h=220
detection: Capturing ROI: x=850, y=458, w=220, h=220
DXScreenCapture::capture: AcquireNextFrame failed, hr=-2005270489
detection: Capturing ROI: x=850, y=458, w=220, h=220
detection: Capturing ROI: x=850, y=458, w=220, h=220
detection: Capturing ROI: x=850, y=458, w=220, h=220
detection: Capturing ROI: x=850, y=458, w=220, h=220
detection: Capturing ROI: x=850, y=458, w=220, h=220
detection: Capturing ROI: x=850, y=458, w=220, h=220
detection: Capturing ROI: x=850, y=458, w=220, h=220
detection: Capturing ROI: x=850, y=458, w=220, h=220
detection: Capturing ROI: x=850, y=458, w=220, h=220
detection: Capturing ROI: x=850, y=458, w=220, h=220
detection: Capturing ROI: x=850, y=458, w=220, h=220
detection: Capturing ROI: x=850, y=458, w=220, h=220
DXScreenCapture::capture: AcquireNextFrame failed, hr=-2005270489
detection: Capturing ROI: x=850, y=458, w=220, h=220
detection: Capturing ROI: x=850, y=458, w=220, h=220
DXScreenCapture::capture: AcquireNextFrame failed, hr=-2005270489
detection: Capturing ROI: x=850, y=458, w=220, h=220
detection: Capturing ROI: x=850, y=458, w=220, h=220
detection: Capturing ROI: x=850, y=458, w=220, h=220
detection: Capturing ROI: x=850, y=458, w=220, h=220
detection: Capturing ROI: x=850, y=458, w=220, h=220
detection: Capturing ROI: x=850, y=458, w=220, h=220
detection: Capturing ROI: x=850, y=458, w=220, h=220
detection: Capturing ROI: x=850, y=458, w=220, h=220
detection: Capturing ROI: x=850, y=458, w=220, h=220
detection: Capturing ROI: x=850, y=458, w=220, h=220
detection: Capturing ROI: x=850, y=458, w=220, h=220
DXScreenCapture::capture: AcquireNextFrame failed, hr=-2005270489
detection: Capturing ROI: x=850, y=458, w=220, h=220
detection: Capturing ROI: x=850, y=458, w=220, h=220
detection: Capturing ROI: x=850, y=458, w=220, h=220
detection: Capturing ROI: x=850, y=458, w=220, h=220
detection: Capturing ROI: x=850, y=458, w=220, h=220
detection: Capturing ROI: x=850, y=458, w=220, h=220
detection: Capturing ROI: x=850, y=458, w=220, h=220
detection: Capturing ROI: x=850, y=458, w=220, h=220
detection: Capturing ROI: x=850, y=458, w=220, h=220
detection: Capturing ROI: x=850, y=458, w=220, h=220
detection: Capturing ROI: x=850, y=458, w=220, h=220
detection: Capturing ROI: x=850, y=458, w=220, h=220
detection: Capturing ROI: x=850, y=458, w=220, h=220
detection: Capturing ROI: x=850, y=458, w=220, h=220
DXScreenCapture::capture: AcquireNextFrame failed, hr=-2005270489
detection: Capturing ROI: x=850, y=458, w=220, h=220
detection: Capturing ROI: x=850, y=458, w=220, h=220
DXScreenCapture::capture: AcquireNextFrame failed, hr=-2005270489
detection: Capturing ROI: x=850, y=458, w=220, h=220
detection: Capturing ROI: x=850, y=458, w=220, h=220
detection: Capturing ROI: x=850, y=458, w=220, h=220
detection: Capturing ROI: x=850, y=458, w=220, h=220
detection: Capturing ROI: x=850, y=458, w=220, h=220
detection: Capturing ROI: x=850, y=458, w=220, h=220
detection: Capturing ROI: x=850, y=458, w=220, h=220
detection: Capturing ROI: x=850, y=458, w=220, h=220
detection: Capturing ROI: x=850, y=458, w=220, h=220
detection: Capturing ROI: x=850, y=458, w=220, h=220
detection: Capturing ROI: x=850, y=458, w=220, h=220
DXScreenCapture::capture: AcquireNextFrame failed, hr=-2005270489
detection: Capturing ROI: x=850, y=458, w=220, h=220
detection: Capturing ROI: x=850, y=458, w=220, h=220
DXScreenCapture::capture: AcquireNextFrame failed, hr=-2005270489
detection: Capturing ROI: x=850, y=458, w=220, h=220
detection: Capturing ROI: x=850, y=458, w=220, h=220
DXScreenCapture::capture: AcquireNextFrame failed, hr=-2005270489
detection: Capturing ROI: x=850, y=458, w=220, h=220
detection: Capturing ROI: x=850, y=458, w=220, h=220
detection: Capturing ROI: x=850, y=458, w=220, h=220
detection: Capturing ROI: x=850, y=458, w=220, h=220
detection: Capturing ROI: x=850, y=458, w=220, h=220
detection: Capturing ROI: x=850, y=458, w=220, h=220
detection: Capturing ROI: x=850, y=458, w=220, h=220
DXScreenCapture::capture: AcquireNextFrame failed, hr=-2005270489
detection: Capturing ROI: x=850, y=458, w=220, h=220
detection: Capturing ROI: x=850, y=458, w=220, h=220
detection: Capturing ROI: x=850, y=458, w=220, h=220
detection: Capturing ROI: x=850, y=458, w=220, h=220
DXScreenCapture::capture: AcquireNextFrame failed, hr=-2005270489
detection: Capturing ROI: x=850, y=458, w=220, h=220
detection: Capturing ROI: x=850, y=458, w=220, h=220
DXScreenCapture::capture: AcquireNextFrame failed, hr=-2005270489
detection: Capturing ROI: x=850, y=458, w=220, h=220
detection: Capturing ROI: x=850, y=458, w=220, h=220
detection: Capturing ROI: x=850, y=458, w=220, h=220
detection: Capturing ROI: x=850, y=458, w=220, h=220
detection: Capturing ROI: x=850, y=458, w=220, h=220
detection: Capturing ROI: x=850, y=458, w=220, h=220
detection: Capturing ROI: x=850, y=458, w=220, h=220
detection: Capturing ROI: x=850, y=458, w=220, h=220
detection: Capturing ROI: x=850, y=458, w=220, h=220
detection: Capturing ROI: x=850, y=458, w=220, h=220
detection: Capturing ROI: x=850, y=458, w=220, h=220
detection: Capturing ROI: x=850, y=458, w=220, h=220
DXScreenCapture::capture: AcquireNextFrame failed, hr=-2005270489
detection: Capturing ROI: x=850, y=458, w=220, h=220
detection: Capturing ROI: x=850, y=458, w=220, h=220
DXScreenCapture::capture: AcquireNextFrame failed, hr=-2005270489
detection: Capturing ROI: x=850, y=458, w=220, h=220
detection: Capturing ROI: x=850, y=458, w=220, h=220
detection: Capturing ROI: x=850, y=458, w=220, h=220
detection: Capturing ROI: x=850, y=458, w=220, h=220
detection: Capturing ROI: x=850, y=458, w=220, h=220
detection: Capturing ROI: x=850, y=458, w=220, h=220
detection: Capturing ROI: x=850, y=458, w=220, h=220
detection: Capturing ROI: x=850, y=458, w=220, h=220
detection: Capturing ROI: x=850, y=458, w=220, h=220
detection: Capturing ROI: x=850, y=458, w=220, h=220
detection: Capturing ROI: x=850, y=458, w=220, h=220
DXScreenCapture::capture: AcquireNextFrame failed, hr=-2005270489
detection: Capturing ROI: x=850, y=458, w=220, h=220
detection: Capturing ROI: x=850, y=458, w=220, h=220
detection: Capturing ROI: x=850, y=458, w=220, h=220
DXScreenCapture::capture: AcquireNextFrame failed, hr=-2005270489
detection: Capturing ROI: x=850, y=458, w=220, h=220
detection: Capturing ROI: x=850, y=458, w=220, h=220
detection: Capturing ROI: x=850, y=458, w=220, h=220
detection: Capturing ROI: x=850, y=458, w=220, h=220
detection: Capturing ROI: x=850, y=458, w=220, h=220
detection: Capturing ROI: x=850, y=458, w=220, h=220
detection: Capturing ROI: x=850, y=458, w=220, h=220
detection: Capturing ROI: x=850, y=458, w=220, h=220
detection: Capturing ROI: x=850, y=458, w=220, h=220
detection: Capturing ROI: x=850, y=458, w=220, h=220
detection: Capturing ROI: x=850, y=458, w=220, h=220
DXScreenCapture::capture: AcquireNextFrame failed, hr=-2005270489
detection: Capturing ROI: x=850, y=458, w=220, h=220
detection: Capturing ROI: x=850, y=458, w=220, h=220
detection: Capturing ROI: x=850, y=458, w=220, h=220
DXScreenCapture::capture: AcquireNextFrame failed, hr=-2005270489
detection: Capturing ROI: x=850, y=458, w=220, h=220
detection: Capturing ROI: x=850, y=458, w=220, h=220
detection: Capturing ROI: x=850, y=458, w=220, h=220
detection: Capturing ROI: x=850, y=458, w=220, h=220
detection: Capturing ROI: x=850, y=458, w=220, h=220
detection: Capturing ROI: x=850, y=458, w=220, h=220
detection: Capturing ROI: x=850, y=458, w=220, h=220
detection: Capturing ROI: x=850, y=458, w=220, h=220
detection: Capturing ROI: x=850, y=458, w=220, h=220
detection: Capturing ROI: x=850, y=458, w=220, h=220
detection: Capturing ROI: x=850, y=458, w=220, h=220
DXScreenCapture::capture: AcquireNextFrame failed, hr=-2005270489
detection: Capturing ROI: x=850, y=458, w=220, h=220
detection: Capturing ROI: x=850, y=458, w=220, h=220
DXScreenCapture::capture: AcquireNextFrame failed, hr=-2005270489
detection: Capturing ROI: x=850, y=458, w=220, h=220
detection: Capturing ROI: x=850, y=458, w=220, h=220
detection: Capturing ROI: x=850, y=458, w=220, h=220
detection: Capturing ROI: x=850, y=458, w=220, h=220
detection: Capturing ROI: x=850, y=458, w=220, h=220
detection: Capturing ROI: x=850, y=458, w=220, h=220
detection: Capturing ROI: x=850, y=458, w=220, h=220
detection: Capturing ROI: x=850, y=458, w=220, h=220
detection: Capturing ROI: x=850, y=458, w=220, h=220
detection: Capturing ROI: x=850, y=458, w=220, h=220
detection: Capturing ROI: x=850, y=458, w=220, h=220
detection: Capturing ROI: x=850, y=458, w=220, h=220
DXScreenCapture::capture: AcquireNextFrame failed, hr=-2005270489
detection: Capturing ROI: x=850, y=458, w=220, h=220
detection: Capturing ROI: x=850, y=458, w=220, h=220
DXScreenCapture::capture: AcquireNextFrame failed, hr=-2005270489
detection: Capturing ROI: x=850, y=458, w=220, h=220
detection: Roblox window not in foreground
detection: Roblox window not in foreground
detection: Roblox window not in foreground
detection: Roblox window not in foreground
detection: Roblox window not in foreground
detection: Roblox window not in foreground
detection: Roblox window not in foreground
detection: Roblox window not in foreground
detection: Roblox window not in foreground
detection: Roblox window not in foreground
detection: Roblox window not in foreground
detection: Roblox window not in foreground
detection: Roblox window not in foreground
detection: Roblox window not in foreground
DXScreenCapture::~DXScreenCapture: Cleaning up DXScreenCapture
